rental_ym,day_type,station_name,gender,age_group,total_rides,avg_distance_km,avg_duration_min,avg_speed_kmh,avg_exercise,avg_co2
202301,Weekend,"2221. 방일초교 마을버스 정류장",NULL,50대,18,0,305,0,914.59,8.83
202301,Weekend,"2221. 방일초교 마을버스 정류장",NULL,60대,21,0,254,0,696.43,6.09
202301,Weekend,"113. 홍대입구역 2번출구 앞",NULL,50대,47,0,984,0,2635.38,23.83
202301,Weekend,"113. 홍대입구역 2번출구 앞",NULL,60대,54,0,2604,0,2282.83,19.16
202301,Weekend,"2221. 방일초교 마을버스 정류장",F,40대,10,0,200,0,283.06,3.08
202301,Weekend,"113. 홍대입구역 2번출구 앞",F,60대,5,0,47,0,107.79,1.07
202301,Weekend,"2221. 방일초교 마을버스 정류장",F,50대,28,0,604,0,589.46,6.3
202301,Weekend,"113. 홍대입구역 2번출구 앞",F,70대이상,2,0,122,0,97.8,0.67
202301,Weekend,"2221. 방일초교 마을버스 정류장",F,60대,21,0,387,0,757.42,7.14
202301,Weekend,"2221. 방일초교 마을버스 정류장",F,~10대,1,0,13,0,27.69,0.31
202301,Weekend,"2221. 방일초교 마을버스 정류장",M,50대,21,0,714,0,1724.34,13.12
202301,Weekend,"113. 홍대입구역 2번출구 앞",M,60대,70,0,697,0,2710.17,22.35
202301,Weekend,"113. 홍대입구역 2번출구 앞",M,70대이상,2,0,48,0,87.17,0.8
202301,Weekend,"2221. 방일초교 마을버스 정류장",M,기타,20,0,256,0,770.54,6.99
202301,Weekend,"2222.사당역 12번출구 뒤",NULL,20대,88,0,1142,0,2893.8500000000004,25.964999999999996
202301,Weekend,"114. 홍대입구역 8번출구 앞",NULL,30대,96,0,787,0,1807.2066666666667,15.199999999999998
202301,Weekend,"2222.사당역 12번출구 뒤",NULL,30대,103,0,726.5,0,1615.765,14.09
202301,Weekend,"114. 홍대입구역 8번출구 앞",NULL,~10대,8,0,88.5,0,255.17000000000002,2.33
202301,Weekend,"2222.사당역 12번출구 뒤",NULL,40대,36,0,163.5,0,579.355,4.665
202301,Weekend,"114. 홍대입구역 8번출구 앞",NULL,기타,24,0,139.75,0,326.875,3.1499999999999995
202301,Weekend,"2222.사당역 12번출구 뒤",NULL,기타,4,0,54,0,240.11666666666667,2.3033333333333332
202301,Weekend,"114. 홍대입구역 8번출구 앞",F,20대,76,0,577,0,1097.5533333333335,11.13
202301,Weekend,"2222.사당역 12번출구 뒤",F,20대,77,0,436,0,1160.3999999999999,11.66
202301,Weekend,"114. 홍대입구역 8번출구 앞",F,~10대,11,0,89,0,155.9366666666667,1.58
202301,Weekend,"2222.사당역 12번출구 뒤",F,30대,50,0,771.5,0,1175.67,10.93
202301,Weekend,"114. 홍대입구역 8번출구 앞",M,20대,153,0,1108.3333333333333,0,3355.8233333333333,28.253333333333334
202301,Weekend,"2222.사당역 12번출구 뒤",F,60대,6,0,51.5,0,139.01,1.52
202301,Weekend,"114. 홍대입구역 8번출구 앞",M,~10대,45,0,452,0,1494.2233333333334,13.126666666666667
202301,Weekend,"2222.사당역 12번출구 뒤",F,~10대,2,0,14.5,0,45.735,0.415
202301,Weekend,"114. 홍대입구역 8번출구 앞",NULL,20대,208,0,2713,0,6945.975,59.565
202301,Weekend,"2222.사당역 12번출구 뒤",F,기타,14,0,66.5,0,212.11499999999998,1.995
202301,Weekend,"2222.사당역 12번출구 뒤",M,20대,80,0,666,0,1989.945,15.64
202301,Weekend,"114. 홍대입구역 8번출구 앞",NULL,40대,30,0,419.5,0,1395.205,11.205
202301,Weekend,"2222.사당역 12번출구 뒤",M,30대,84,0,844,0,1946.3400000000001,14.82
202301,Weekend,"114. 홍대입구역 8번출구 앞",F,30대,55,0,942.5,0,1352.465,13.59
202301,Weekend,"114. 홍대입구역 8번출구 앞",F,40대,22,0,392,0,710.94,7.579999999999999
202301,Weekend,"2222.사당역 12번출구 뒤",M,40대,81,0,995.5,0,2349.7000000000003,18.495
202301,Weekend,"2222.사당역 12번출구 뒤",M,50대,47,0,461,0,1532.9,11.895
202301,Weekend,"114. 홍대입구역 8번출구 앞",F,기타,14,0,111,0,376.865,3.575
202301,Weekend,"2222.사당역 12번출구 뒤",M,70대이상,5,0,48.5,0,147.39,1.385
202301,Weekend,"2222.사당역 12번출구 뒤",M,~10대,4,0,78.5,0,407.34999999999997,3.725
202301,Weekend,"114. 홍대입구역 8번출구 앞",M,30대,125,0,1334,0,3218.3450000000003,24.835
202301,Weekend,"114. 홍대입구역 8번출구 앞",M,40대,84,0,1101,0,3289.8250000000003,24.615000000000002
202301,Weekend,"2222.사당역 12번출구 뒤",M,기타,60,0,388,0,1317.87,11.215
202301,Weekend,"114. 홍대입구역 8번출구 앞",M,50대,29,0,366,0,1166.1399999999999,9.27
202301,Weekend,"114. 홍대입구역 8번출구 앞",M,기타,93,0,2140.5,0,2381.01,19.89
202301,Weekend,"2222.사당역 12번출구 뒤",NULL,50대,18,0,338,0,1734.77,14.11
202301,Weekend,"2222.사당역 12번출구 뒤",NULL,~10대,1,0,9,0,40.67,0.37
202301,Weekend,"114. 홍대입구역 8번출구 앞",NULL,50대,18,0,396,0,1040.24,8.31
202301,Weekend,"114. 홍대입구역 8번출구 앞",NULL,60대,3,0,96,0,112.78,1.12
202301,Weekend,"2222.사당역 12번출구 뒤",F,40대,25,0,435,0,878.38,8.67
202301,Weekend,"2222.사당역 12번출구 뒤",F,50대,17,0,159,0,514.11,5.06
202301,Weekend,"114. 홍대입구역 8번출구 앞",F,50대,7,0,138,0,257.55,2.98
202301,Weekend,"114. 홍대입구역 8번출구 앞",F,60대,1,0,14,0,34.21,0.33
202301,Weekend,"2222.사당역 12번출구 뒤",M,60대,22,0,354,0,658.47,5.61
202301,Weekend,"114. 홍대입구역 8번출구 앞",M,60대,9,0,271,0,613.32,5.51
202301,Weekend,"2223. 방배래미안 정문 앞",F,~10대,4,0,23,0,50.015,0.5449999999999999
202301,Weekend,"2223. 방배래미안 정문 앞",NULL,20대,30,0,198.5,0,731.515,6.6850000000000005
202301,Weekend,"114. 홍대입구역 8번출구 앞",M,70대이상,2,0,37,0,52.82,0.51
202301,Weekend,"2223. 방배래미안 정문 앞",NULL,30대,13,0,130,0,279.03000000000003,2.6900000000000004
202301,Weekend,"2223. 방배래미안 정문 앞",NULL,~10대,2,0,3,0,11.075,0.12000000000000001
202301,Weekend,"2223. 방배래미안 정문 앞",F,20대,13,0,162.5,0,403.5,3.375
202301,Weekend,"115. 마스타 빌딩 앞",NULL,20대,66,0,300.5,0,1022.0899999999999,9.735
202301,Weekend,"2223. 방배래미안 정문 앞",M,20대,31,0,258.5,0,971.37,7.8950000000000005
202301,Weekend,"115. 마스타 빌딩 앞",NULL,30대,29,0,466,0,655.75,5.635
202301,Weekend,"2223. 방배래미안 정문 앞",M,30대,28,0,314,0,670.3399999999999,5.445
202301,Weekend,"115. 마스타 빌딩 앞",F,20대,52,0,320,0,616.8,6.325
202301,Weekend,"2223. 방배래미안 정문 앞",M,~10대,3,0,84,0,267.425,1.925
202301,Weekend,"115. 마스타 빌딩 앞",F,30대,45,0,204.5,0,557.825,5.115
202301,Weekend,"115. 마스타 빌딩 앞",F,기타,6,0,63,0,109.665,1.125
202301,Weekend,"2223. 방배래미안 정문 앞",NULL,기타,2,0,9.5,0,32.28,0.29500000000000004
202301,Weekend,"115. 마스타 빌딩 앞",M,20대,106,0,688.5,0,2582.015,21.705
202301,Weekend,"115. 마스타 빌딩 앞",M,30대,43,0,526.5,0,1305.285,10.585
202301,Weekend,"115. 마스타 빌딩 앞",M,~10대,5,0,42.5,0,145.265,1.325
202301,Weekend,"2223. 방배래미안 정문 앞",NULL,40대,8,0,340,0,2170.76,15.9
202301,Weekend,"115. 마스타 빌딩 앞",M,기타,9,0,146.5,0,325.625,2.56
202301,Weekend,"2223. 방배래미안 정문 앞",NULL,50대,1,0,55,0,104.97,1.31
202301,Weekend,"115. 마스타 빌딩 앞",NULL,기타,20,0,134.5,0,410.555,3.47
202301,Weekend,"2223. 방배래미안 정문 앞",NULL,60대,1,0,4,0,12.55,0.11
202301,Weekend,"115. 마스타 빌딩 앞",NULL,40대,7,0,118,0,648.31,4.6
202301,Weekend,"115. 마스타 빌딩 앞",NULL,50대,16,0,363,0,1483.87,11.85
202301,Weekend,"2223. 방배래미안 정문 앞",F,30대,4,0,44,0,113.13,1.06
202301,Weekend,"115. 마스타 빌딩 앞",NULL,60대,1,0,12,0,55.38,0.46
202301,Weekend,"2223. 방배래미안 정문 앞",F,40대,3,0,10,0,19.77,0.21
202301,Weekend,"2223. 방배래미안 정문 앞",F,50대,3,0,30,0,81.9,0.61
202301,Weekend,"2223. 방배래미안 정문 앞",F,60대,2,0,18,0,30.98,0.28
202301,Weekend,"115. 마스타 빌딩 앞",F,40대,23,0,80,0,277.81,2.73
202301,Weekend,"2223. 방배래미안 정문 앞",F,기타,14,0,230,0,776.57,8.42
202301,Weekend,"2223. 방배래미안 정문 앞",M,40대,12,0,368,0,786.37,5.69
202301,Weekend,"2223. 방배래미안 정문 앞",M,50대,11,0,253,0,703.89,5.36
202301,Weekend,"2223. 방배래미안 정문 앞",M,60대,17,0,173,0,534.09,5.43
202301,Weekend,"2225.백석예술대학교 제3캠퍼스 앞",NULL,20대,6,0,27.5,0,122.29499999999999,1.085
202301,Weekend,"115. 마스타 빌딩 앞",M,40대,11,0,127,0,759.52,5.42
202301,Weekend,"2225.백석예술대학교 제3캠퍼스 앞",NULL,30대,9,0,82.5,0,364.78,3.665
202301,Weekend,"115. 마스타 빌딩 앞",M,50대,16,0,426,0,608.6,4.7
202301,Weekend,"2225.백석예술대학교 제3캠퍼스 앞",F,50대,1,0,12,0,29.37,0.3
202301,Weekend,"115. 마스타 빌딩 앞",M,60대,7,0,129,0,514.82,4.38
202301,Weekend,"2225.백석예술대학교 제3캠퍼스 앞",M,20대,2,0,14.5,0,73.595,0.565
202302,Weekday,"449. 일성아파트",NULL,20대,45,0,417.5,0,1828.3799999999999,14.829999999999998
202301,Weekend,"2225.백석예술대학교 제3캠퍼스 앞",M,30대,4,0,17.5,0,78.4,0.685
202302,Weekday,"449. 일성아파트",NULL,70대이상,1,0,33,0,243.37,1.49
202301,Weekend,"117. 홍은사거리",F,20대,93,0,1088.3333333333333,0,3113.0733333333337,31.463333333333335
202302,Weekday,"449. 일성아파트",NULL,기타,1,0,3,0,10.93,0.11
202301,Weekend,"117. 홍은사거리",F,40대,50,0,549,0,1905.72,19.473333333333333
202301,Weekend,"2225.백석예술대학교 제3캠퍼스 앞",NULL,40대,1,0,18,0,85.83,0.67
202302,Weekday,"449. 일성아파트",F,20대,4,0,58,0,147.97,1.74
202301,Weekend,"117. 홍은사거리",F,70대이상,2,0,29,0,139.48,1.1
202301,Weekend,"2225.백석예술대학교 제3캠퍼스 앞",NULL,기타,3,0,33,0,181.36,1.64
202302,Weekday,"449. 일성아파트",F,50대,1,0,52,0,184.14,2.16
202301,Weekend,"117. 홍은사거리",M,40대,96,0,739.6666666666666,0,3308.0699999999997,27.576666666666664
202301,Weekend,"2225.백석예술대학교 제3캠퍼스 앞",F,20대,1,0,18,0,49.46,0.6
202302,Weekday,"449. 일성아파트",M,20대,18,0,54.5,0,325.015,2.65
202301,Weekend,"117. 홍은사거리",M,~10대,22,0,196.66666666666666,0,855.9966666666668,8.26
202301,Weekend,"2225.백석예술대학교 제3캠퍼스 앞",F,30대,4,0,129,0,187.28,1.72
202302,Weekday,"449. 일성아파트",M,50대,40,0,498,0,2450.485,21.244999999999997
202301,Weekend,"117. 홍은사거리",NULL,20대,161,0,1912.5,0,7130.25,63.425
202302,Weekday,"2368. 도곡동 경남아파트 건너편",M,70대이상,2,0,13,0,40.15,0.37
202301,Weekend,"2225.백석예술대학교 제3캠퍼스 앞",F,기타,1,0,31,0,142.05,1.11
202302,Weekday,"449. 일성아파트",M,~10대,1,0,5,0,16.08,0.13
202301,Weekend,"117. 홍은사거리",NULL,30대,61,0,724.5,0,2974.88,25.439999999999998
202302,Weekday,"449. 일성아파트",M,기타,17,0,143.5,0,821.61,6.819999999999999
202301,Weekend,"117. 홍은사거리",NULL,40대,47,0,477,0,2201.71,18.94
202301,Weekend,"117. 홍은사거리",NULL,50대,72,0,1261.5,0,5841.88,61.82
202302,Weekday,"449. 일성아파트",NULL,30대,25,0,554,0,2255.39,12.36
202301,Weekend,"2225.백석예술대학교 제3캠퍼스 앞",M,40대,12,0,293,0,1227.5,9.59
202301,Weekend,"117. 홍은사거리",NULL,~10대,12,0,263,0,926.865,7.635
202302,Weekday,"449. 일성아파트",NULL,40대,5,0,82,0,599.14,4.04
202301,Weekend,"2225.백석예술대학교 제3캠퍼스 앞",M,50대,2,0,12,0,67.83,0.61
202301,Weekend,"117. 홍은사거리",NULL,기타,15,0,188,0,832.46,7.346666666666667
202302,Weekday,"449. 일성아파트",NULL,50대,25,0,1079,0,4267.68,39.01
202301,Weekend,"2225.백석예술대학교 제3캠퍼스 앞",M,60대,2,0,15,0,65.43,0.55
202302,Weekday,"2369. KT선릉타워",F,기타,8,0,53,0,136.48000000000002,1.36
202302,Weekday,"449. 일성아파트",NULL,60대,7,0,122,0,808.86,6.17
202301,Weekend,"2225.백석예술대학교 제3캠퍼스 앞",M,~10대,1,0,5,0,25.95,0.3
202302,Weekday,"449. 일성아파트",NULL,~10대,2,0,25,0,102.53,0.7
202302,Weekday,"2369. KT선릉타워",NULL,20대,41,0,569.5,0,1696.1,14.335
202302,Weekday,"449. 일성아파트",F,30대,5,0,172,0,697.82,6.7
202302,Weekday,"2369. KT선릉타워",NULL,30대,64,0,1023,0,2876.87,24.615
202302,Weekday,"449. 일성아파트",F,70대이상,1,0,29,0,144.13,1.06
202302,Weekday,"2369. KT선릉타워",NULL,40대,32,0,447.5,0,1400.0300000000002,11.34
202302,Weekday,"2369. KT선릉타워",NULL,50대,62,0,941,0,3127.07,23.9
202302,Weekday,"449. 일성아파트",M,30대,2,0,45,0,200.93,1.56
202302,Weekday,"2369. KT선릉타워",NULL,기타,16,0,164.66666666666666,0,495.92333333333323,4.583333333333333
202302,Weekday,"449. 일성아파트",M,40대,29,0,759,0,3670.59,32.18
202302,Weekday,"2369. KT선릉타워",F,20대,53,0,698,0,2467.44,23.335
202302,Weekday,"2369. KT선릉타워",F,30대,54,0,924.5,0,2672.305,27.245
202302,Weekday,"449. 일성아파트",M,60대,7,0,359,0,1321.71,11.8
202301,Weekend,"2225.백석예술대학교 제3캠퍼스 앞",M,기타,6,0,44,0,295.03,2.25
202302,Weekday,"2369. KT선릉타워",F,50대,19,0,416.5,0,653.2099999999999,6.605
202301,Weekend,"2226. 신동아럭스빌아파트 앞",NULL,20대,18,0,131,0,476.39,4.0600000000000005
202302,Weekday,"450. 효자동 삼거리",NULL,40대,27,0,229,0,1079.6833333333334,8.39
202302,Weekday,"2369. KT선릉타워",F,~10대,2,0,58,0,203.74,2.16
202301,Weekend,"2226. 신동아럭스빌아파트 앞",F,20대,2,0,21.5,0,43.254999999999995,0.485
202302,Weekday,"450. 효자동 삼거리",F,20대,40,0,249.66666666666666,0,673.1433333333333,7.203333333333333
202301,Weekend,"2226. 신동아럭스빌아파트 앞",F,30대,4,0,14,0,74.075,0.6849999999999999
202302,Weekday,"450. 효자동 삼거리",F,~10대,7,0,80,0,150.41,1.62
202302,Weekday,"2369. KT선릉타워",M,20대,58,0,701,0,2259.825,18.955
202301,Weekend,"2226. 신동아럭스빌아파트 앞",M,20대,9,0,85.5,0,300.71,2.5700000000000003
202302,Weekday,"450. 효자동 삼거리",NULL,20대,22,0,251,0,668.055,5.985
202302,Weekday,"2369. KT선릉타워",M,30대,79,0,1249.5,0,4329.41,34.81
202302,Weekday,"450. 효자동 삼거리",NULL,30대,31,0,324.5,0,1117.49,8.21
202302,Weekday,"2369. KT선릉타워",M,40대,66,0,1106.5,0,5011.465,33.964999999999996
202302,Weekday,"2369. KT선릉타워",M,50대,49,0,409.5,0,1658.55,13.135
202302,Weekday,"450. 효자동 삼거리",NULL,50대,13,0,189,0,474.575,3.965
202302,Weekday,"2369. KT선릉타워",M,70대이상,1,0,10,0,54.28,0.38
202302,Weekday,"450. 효자동 삼거리",NULL,기타,24,0,167,0,519.7,4.963333333333333
202302,Weekday,"2369. KT선릉타워",M,~10대,3,0,42.5,0,75.72500000000001,0.835
202302,Weekday,"2369. KT선릉타워",M,기타,53,0,908,0,3120.525,24.335
202302,Weekday,"450. 효자동 삼거리",F,30대,83,0,676,0,1534.585,14.515
202301,Weekend,"2226. 신동아럭스빌아파트 앞",M,30대,19,0,102.5,0,513.3,4.175
202302,Weekday,"450. 효자동 삼거리",F,40대,22,0,237,0,650.675,6.295
202302,Weekday,"450. 효자동 삼거리",F,50대,17,0,203,0,349.46500000000003,3.7150000000000003
202302,Weekday,"450. 효자동 삼거리",F,기타,9,0,87,0,143.71,1.38
202302,Weekday,"450. 효자동 삼거리",M,20대,41,0,431.5,0,1604.58,13.875
202301,Weekend,"2226. 신동아럭스빌아파트 앞",M,40대,5,0,47,0,108.08999999999999,0.92
202302,Weekday,"2369. KT선릉타워",NULL,60대,2,0,129,0,453.51,3.83
202302,Weekday,"450. 효자동 삼거리",M,30대,61,0,525,0,1901.965,15.29
202302,Weekday,"2369. KT선릉타워",NULL,70대이상,1,0,20,0,116.19,1.05
202302,Weekday,"450. 효자동 삼거리",M,40대,66,0,999.5,0,2389.525,18.95
202302,Weekday,"450. 효자동 삼거리",M,50대,62,0,983,0,2832.185,22.63
202302,Weekday,"2369. KT선릉타워",F,40대,26,0,680,0,1931.86,21.39
202301,Weekend,"2226. 신동아럭스빌아파트 앞",M,~10대,3,0,28.5,0,104.81,1.175
202302,Weekday,"450. 효자동 삼거리",M,~10대,14,0,262,0,695.035,6.215
202301,Weekend,"2226. 신동아럭스빌아파트 앞",M,기타,8,0,36.5,0,228.53499999999997,1.5150000000000001
202302,Weekday,"450. 효자동 삼거리",M,기타,28,0,341,0,585.8000000000001,5.23
202302,Weekday,"2369. KT선릉타워",F,70대이상,1,0,31,0,149.11,0.97
202301,Weekend,"2226. 신동아럭스빌아파트 앞",NULL,30대,17,0,394,0,1293.81,12.81
202301,Weekend,"2226. 신동아럭스빌아파트 앞",NULL,40대,1,0,5,0,38.32,0.35
202302,Weekday,"2369. KT선릉타워",M,60대,12,0,184,0,475.14,3.68
202301,Weekend,"2226. 신동아럭스빌아파트 앞",NULL,50대,12,0,207,0,890.01,6.78
202301,Weekend,"2226. 신동아럭스빌아파트 앞",NULL,60대,1,0,3,0,21.26,0.17
202301,Weekend,"2226. 신동아럭스빌아파트 앞",NULL,기타,3,0,26,0,137.05,1.31
202302,Weekday,"2370. 한티역 3번출구",F,기타,8,0,61.333333333333336,0,245.67999999999998,2.02
202302,Weekday,"2370. 한티역 3번출구",M,40대,12,0,144,0,313.0933333333333,2.4766666666666666
202302,Weekday,"2370. 한티역 3번출구",NULL,20대,27,0,288,0,1056.145,8.415
202302,Weekday,"2370. 한티역 3번출구",NULL,30대,18,0,275.5,0,926.6600000000001,8.265
202302,Weekday,"2370. 한티역 3번출구",NULL,50대,17,0,229,0,1148.36,10.1
202302,Weekday,"2370. 한티역 3번출구",NULL,기타,3,0,22,0,44.965,0.445
202302,Weekday,"2370. 한티역 3번출구",F,20대,23,0,245.5,0,686.535,6.7
202302,Weekday,"2370. 한티역 3번출구",F,30대,9,0,284,0,134.98,1.44
202302,Weekday,"2370. 한티역 3번출구",F,40대,9,0,206.5,0,263.26,2.505
202302,Weekday,"2370. 한티역 3번출구",F,~10대,11,0,115.5,0,346.21500000000003,3.8249999999999997
202302,Weekday,"2370. 한티역 3번출구",M,20대,47,0,435,0,1284.73,10.719999999999999
202302,Weekday,"2370. 한티역 3번출구",M,30대,18,0,237,0,1044.49,8
202301,Weekend,"2226. 신동아럭스빌아파트 앞",F,40대,1,0,6,0,33.55,0.34
202302,Weekday,"2370. 한티역 3번출구",M,50대,17,0,196.5,0,488.205,3.515
202301,Weekend,"2226. 신동아럭스빌아파트 앞",F,50대,4,0,50,0,187.62,2.44
202302,Weekday,"2370. 한티역 3번출구",M,~10대,13,0,110,0,366.83,2.855
202302,Weekday,"2370. 한티역 3번출구",M,기타,6,0,121,0,91.35,0.805
202301,Weekend,"2226. 신동아럭스빌아파트 앞",F,기타,2,0,71,0,298.79,2.34
202302,Weekday,"2370. 한티역 3번출구",NULL,40대,16,0,539,0,1415.76,11.22
202302,Weekday,"2370. 한티역 3번출구",NULL,60대,5,0,36,0,139.54,1.06
202302,Weekday,"2370. 한티역 3번출구",NULL,~10대,2,0,15,0,15,0.14
202302,Weekday,"2370. 한티역 3번출구",F,50대,19,0,640,0,1210.23,12.9
202302,Weekday,"2370. 한티역 3번출구",M,60대,4,0,24,0,109.04,0.92
202302,Weekday,"2371. 한국우편사업진흥원",NULL,20대,14,0,123,0,321.185,3.065
202302,Weekday,"2371. 한국우편사업진흥원",NULL,30대,26,0,215.5,0,1168.32,9.695
202302,Weekday,"2371. 한국우편사업진흥원",NULL,40대,33,0,386.5,0,913.8499999999999,7.22
202302,Weekday,"2371. 한국우편사업진흥원",F,20대,11,0,32,0,84.805,0.82
202302,Weekday,"2371. 한국우편사업진흥원",F,30대,15,0,163,0,391.56,3.715
202302,Weekday,"2371. 한국우편사업진흥원",F,50대,5,0,22,0,88.095,0.8250000000000001
202302,Weekday,"2371. 한국우편사업진흥원",F,기타,8,0,44,0,170.775,1.235
202302,Weekday,"2371. 한국우편사업진흥원",M,20대,5,0,60,0,173.995,1.635
202302,Weekday,"2371. 한국우편사업진흥원",M,30대,25,0,181.5,0,611.375,5.305000000000001
202302,Weekday,"2371. 한국우편사업진흥원",M,40대,28,0,200,0,781.25,5.625
202302,Weekday,"2371. 한국우편사업진흥원",M,50대,10,0,90,0,200.655,1.5150000000000001
202302,Weekday,"2371. 한국우편사업진흥원",M,기타,8,0,74.5,0,404.255,2.8049999999999997
202302,Weekday,"2371. 한국우편사업진흥원",NULL,기타,1,0,25,0,47.29,0.43
202301,Weekend,"117. 홍은사거리",F,30대,43,0,430.5,0,1192.6599999999999,11.924999999999999
202301,Weekend,"117. 홍은사거리",F,50대,71,0,1120.5,0,4172.775,41.77
202301,Weekend,"117. 홍은사거리",F,60대,29,0,248,0,965.5,9.345
202301,Weekend,"117. 홍은사거리",F,~10대,10,0,760,0,1834.16,18.62
202302,Weekday,"2371. 한국우편사업진흥원",NULL,50대,7,0,69,0,253.53,2.11
202301,Weekend,"117. 홍은사거리",F,기타,19,0,215.66666666666666,0,694.71,6.71
202301,Weekend,"117. 홍은사거리",M,20대,108,0,1121,0,4130.985,34.915
202301,Weekend,"117. 홍은사거리",M,30대,64,0,580.5,0,3172.6800000000003,25.16
202302,Weekday,"2371. 한국우편사업진흥원",NULL,60대,4,0,57,0,164.81,1.66
202301,Weekend,"117. 홍은사거리",M,50대,78,0,967,0,3857.51,29.675
202301,Weekend,"117. 홍은사거리",M,60대,35,0,409.5,0,2047.2450000000001,16.39
202301,Weekend,"117. 홍은사거리",M,기타,29,0,282,0,1450.99,11.81
202302,Weekday,"2371. 한국우편사업진흥원",F,40대,1,0,12,0,47.61,0.43
202302,Weekday,"450. 효자동 삼거리",NULL,60대,8,0,115,0,439.01,3.96
202302,Weekday,"2371. 한국우편사업진흥원",F,~10대,1,0,94,0,79,0.81
202302,Weekday,"450. 효자동 삼거리",NULL,70대이상,3,0,109,0,195.93,1.76
202302,Weekday,"450. 효자동 삼거리",F,60대,16,0,1032,0,778.35,7.67
202302,Weekday,"450. 효자동 삼거리",F,70대이상,7,0,481,0,962.41,11.01
202302,Weekday,"450. 효자동 삼거리",M,60대,5,0,63,0,276.4,2.46
202302,Weekday,"451. 청와대앞길",NULL,40대,10,0,62,0,153.08666666666667,1.45
202302,Weekday,"451. 청와대앞길",F,~10대,2,0,33,0,76.25,0.69
202302,Weekday,"451. 청와대앞길",M,~10대,6,0,77,0,182.025,1.395
202302,Weekday,"451. 청와대앞길",NULL,20대,12,0,112.5,0,316.615,2.825
202302,Weekday,"451. 청와대앞길",NULL,30대,13,0,126,0,418.15999999999997,3.725
202302,Weekday,"451. 청와대앞길",NULL,기타,18,0,263,0,491.69000000000005,4.43
202302,Weekday,"451. 청와대앞길",F,20대,13,0,98,0,270.08,2.64
202302,Weekday,"451. 청와대앞길",F,30대,22,0,140.5,0,356,3.27
202302,Weekday,"451. 청와대앞길",F,40대,5,0,57,0,98.005,1.075
202302,Weekday,"451. 청와대앞길",F,50대,4,0,48,0,85.525,0.9
202302,Weekday,"451. 청와대앞길",F,기타,3,0,14.5,0,44.375,0.435
202302,Weekday,"451. 청와대앞길",M,20대,39,0,374.5,0,1237.0349999999999,9.285
202302,Weekday,"451. 청와대앞길",M,30대,18,0,154.5,0,420.39,3.54
202302,Weekday,"451. 청와대앞길",M,40대,18,0,253,0,737.16,5.495
202302,Weekday,"451. 청와대앞길",M,기타,5,0,44.5,0,118.835,0.9199999999999999
202302,Weekday,"451. 청와대앞길",NULL,50대,2,0,29,0,150.02,0.97
202302,Weekday,"451. 청와대앞길",NULL,~10대,1,0,13,0,21.04,0.34
202302,Weekday,"451. 청와대앞길",F,60대,1,0,7,0,21.59,0.21
202302,Weekday,"451. 청와대앞길",M,50대,5,0,94,0,341.7,2.56
202302,Weekday,"451. 청와대앞길",M,60대,4,0,40,0,203.38,1.84
202302,Weekday,"452. 동대문 종합시장 버스정류장",NULL,20대,30,0,299.5,0,813.075,7.805
202302,Weekday,"452. 동대문 종합시장 버스정류장",NULL,30대,24,0,327.5,0,1061.745,8.92
202302,Weekday,"452. 동대문 종합시장 버스정류장",NULL,40대,14,0,262.5,0,656.845,4.875
202302,Weekday,"452. 동대문 종합시장 버스정류장",NULL,50대,23,0,218,0,460.12,4.04
202302,Weekday,"452. 동대문 종합시장 버스정류장",NULL,60대,14,0,172,0,556.675,5.005
202302,Weekday,"452. 동대문 종합시장 버스정류장",NULL,기타,12,0,74,0,187.72000000000003,2.04
202302,Weekday,"452. 동대문 종합시장 버스정류장",F,20대,44,0,293,0,693.71,6.470000000000001
202302,Weekday,"452. 동대문 종합시장 버스정류장",F,30대,20,0,240,0,445.945,4.675
202302,Weekday,"452. 동대문 종합시장 버스정류장",F,40대,52,0,357,0,733.61,7.005
202302,Weekday,"452. 동대문 종합시장 버스정류장",F,기타,12,0,80,0,284.26,2.9899999999999998
202302,Weekday,"452. 동대문 종합시장 버스정류장",M,20대,44,0,861.5,0,1259.4250000000002,9.43
202302,Weekday,"452. 동대문 종합시장 버스정류장",M,30대,45,0,442.5,0,1161.185,9.05
202302,Weekday,"452. 동대문 종합시장 버스정류장",M,40대,67,0,490,0,1457.545,11.875
202302,Weekday,"452. 동대문 종합시장 버스정류장",M,~10대,1,0,16,0,20.85,0.19
202302,Weekday,"452. 동대문 종합시장 버스정류장",M,기타,14,0,181,0,227.52,2.15
202302,Weekday,"452. 동대문 종합시장 버스정류장",NULL,70대이상,1,0,14,0,52.95,0.44
202302,Weekday,"452. 동대문 종합시장 버스정류장",F,50대,21,0,305,0,619.14,6.03
202302,Weekday,"452. 동대문 종합시장 버스정류장",F,60대,1,0,1,0,0,0
202302,Weekday,"452. 동대문 종합시장 버스정류장",M,50대,60,0,2054,0,3620.85,30.41
202302,Weekday,"452. 동대문 종합시장 버스정류장",M,60대,11,0,167,0,365.77,2.94
202302,Weekday,"452. 동대문 종합시장 버스정류장",M,70대이상,18,0,306,0,961.66,8.69
202302,Weekday,"453. 종로오가 지하쇼핑센터 14번출구",M,20대,88,0,486.3333333333333,0,1569.01,13.086666666666666
202302,Weekday,"453. 종로오가 지하쇼핑센터 14번출구",M,40대,84,0,650.3333333333334,0,1684.4566666666667,13.243333333333334
202302,Weekday,"453. 종로오가 지하쇼핑센터 14번출구",NULL,20대,55,0,414,0,1231.4850000000001,10.605
202302,Weekday,"453. 종로오가 지하쇼핑센터 14번출구",NULL,30대,86,0,739.5,0,1608.7,13.215
202302,Weekday,"453. 종로오가 지하쇼핑센터 14번출구",NULL,40대,59,0,598,0,2208.2349999999997,18.025
202302,Weekday,"453. 종로오가 지하쇼핑센터 14번출구",NULL,50대,62,0,696,0,1525.9750000000001,13.004999999999999
202302,Weekday,"453. 종로오가 지하쇼핑센터 14번출구",NULL,60대,7,0,98.5,0,331.57,3.0300000000000002
202302,Weekday,"453. 종로오가 지하쇼핑센터 14번출구",NULL,기타,18,0,220.33333333333334,0,510.4466666666667,4.61
202302,Weekday,"453. 종로오가 지하쇼핑센터 14번출구",F,20대,72,0,600.5,0,1156.67,11.405
202302,Weekday,"453. 종로오가 지하쇼핑센터 14번출구",F,30대,58,0,695.5,0,1260.025,13.625
202302,Weekday,"453. 종로오가 지하쇼핑센터 14번출구",F,40대,39,0,454.5,0,809.55,8.595
202302,Weekday,"453. 종로오가 지하쇼핑센터 14번출구",F,50대,12,0,86,0,199.51500000000001,1.8650000000000002
202302,Weekday,"453. 종로오가 지하쇼핑센터 14번출구",F,60대,4,0,26.5,0,81.25,0.8500000000000001
202302,Weekday,"453. 종로오가 지하쇼핑센터 14번출구",F,~10대,5,0,63.5,0,143.195,1.045
202302,Weekday,"453. 종로오가 지하쇼핑센터 14번출구",F,기타,13,0,66.66666666666667,0,87.03333333333335,0.87
202302,Weekday,"453. 종로오가 지하쇼핑센터 14번출구",M,30대,113,0,964,0,2677.935,21.075
202302,Weekday,"453. 종로오가 지하쇼핑센터 14번출구",M,50대,69,0,883,0,2385.345,18.424999999999997
202302,Weekday,"453. 종로오가 지하쇼핑센터 14번출구",M,60대,22,0,310.5,0,363.45500000000004,3.2750000000000004
202302,Weekday,"453. 종로오가 지하쇼핑센터 14번출구",M,~10대,3,0,98.5,0,240.08,1.915
202302,Weekday,"453. 종로오가 지하쇼핑센터 14번출구",M,기타,45,0,504,0,1702.51,13.05
202302,Weekday,"453. 종로오가 지하쇼핑센터 14번출구",NULL,70대이상,2,0,39,0,110.43,0.97
202301,Weekend,"2226. 신동아럭스빌아파트 앞",M,50대,7,0,177,0,320.36,2.7
202301,Weekend,"2226. 신동아럭스빌아파트 앞",M,60대,5,0,324,0,345.64,2.69
202301,Weekend,"2227.방배열린문화센터 앞",NULL,20대,42,0,1116,0,1236.365,10.79
202301,Weekend,"2227.방배열린문화센터 앞",NULL,30대,20,0,137,0,462.22,3.48
202301,Weekend,"2227.방배열린문화센터 앞",F,20대,16,0,105,0,176.32,1.9100000000000001
202302,Weekday,"453. 종로오가 지하쇼핑센터 14번출구",M,70대이상,8,0,294,0,240.43,2.27
202301,Weekend,"2227.방배열린문화센터 앞",F,30대,23,0,127.5,0,249.82,2.52
202302,Weekday,"454. 종로2가 버스정류장 (종각방향)",NULL,30대,90,0,1072.6666666666667,0,2667.44,21.91
202302,Weekday,"454. 종로2가 버스정류장 (종각방향)",M,20대,138,0,848.3333333333334,0,2412.5033333333336,22.173333333333332
202302,Weekday,"454. 종로2가 버스정류장 (종각방향)",NULL,20대,97,0,798,0,2518.41,22.515
202302,Weekday,"454. 종로2가 버스정류장 (종각방향)",NULL,50대,24,0,210.5,0,461.03499999999997,3.6500000000000004
202302,Weekday,"454. 종로2가 버스정류장 (종각방향)",NULL,~10대,4,0,70.5,0,139.54000000000002,1.58
202302,Weekday,"454. 종로2가 버스정류장 (종각방향)",NULL,기타,13,0,77.33333333333333,0,251.2833333333333,2.17
202302,Weekday,"454. 종로2가 버스정류장 (종각방향)",F,20대,74,0,695,0,1764.29,18.375
202302,Weekday,"454. 종로2가 버스정류장 (종각방향)",F,30대,57,0,587,0,1537.145,14.770000000000001
202302,Weekday,"454. 종로2가 버스정류장 (종각방향)",F,~10대,8,0,178,0,434.16,4.01
202302,Weekday,"454. 종로2가 버스정류장 (종각방향)",F,기타,11,0,100.5,0,245.435,2.295
202302,Weekday,"454. 종로2가 버스정류장 (종각방향)",M,30대,88,0,862,0,2528.175,21.085
202302,Weekday,"454. 종로2가 버스정류장 (종각방향)",M,40대,114,0,725,0,2042.3200000000002,16.27
202302,Weekday,"454. 종로2가 버스정류장 (종각방향)",M,60대,63,0,601,0,2003.1,18.11
202302,Weekday,"454. 종로2가 버스정류장 (종각방향)",M,~10대,11,0,171.5,0,388.625,3.4650000000000003
202302,Weekday,"454. 종로2가 버스정류장 (종각방향)",M,기타,38,0,254.5,0,692.76,6.1
202302,Weekday,"454. 종로2가 버스정류장 (종각방향)",NULL,40대,46,0,780,0,2382.93,20.41
202302,Weekday,"454. 종로2가 버스정류장 (종각방향)",NULL,60대,7,0,381,0,200.82,2.02
202302,Weekday,"454. 종로2가 버스정류장 (종각방향)",F,40대,10,0,406,0,457.9,4.5
202302,Weekday,"454. 종로2가 버스정류장 (종각방향)",F,50대,2,0,172,0,73.49,0.74
202302,Weekday,"454. 종로2가 버스정류장 (종각방향)",F,60대,8,0,128,0,339.88,3.35
202302,Weekday,"454. 종로2가 버스정류장 (종각방향)",M,50대,104,0,3116,0,6460.95,47.99
202302,Weekday,"454. 종로2가 버스정류장 (종각방향)",M,70대이상,4,0,64,0,231.54,2.08
202302,Weekday,"455. 종로6가역 버스정류장(동대문 방향)",M,~10대,7,0,144,0,608.985,4.46
202302,Weekday,"455. 종로6가역 버스정류장(동대문 방향)",NULL,20대,70,0,1566.5,0,1540.5700000000002,15.615
202302,Weekday,"455. 종로6가역 버스정류장(동대문 방향)",NULL,30대,27,0,436.5,0,930.595,7.695
202302,Weekday,"455. 종로6가역 버스정류장(동대문 방향)",NULL,40대,81,0,1846,0,2089.77,16.57
202302,Weekday,"455. 종로6가역 버스정류장(동대문 방향)",NULL,50대,36,0,658.5,0,2174.2999999999997,18.705
202302,Weekday,"455. 종로6가역 버스정류장(동대문 방향)",NULL,기타,11,0,97.33333333333333,0,212.58666666666667,1.9433333333333334
202302,Weekday,"455. 종로6가역 버스정류장(동대문 방향)",F,20대,21,0,314,0,541.165,5.140000000000001
202302,Weekday,"455. 종로6가역 버스정류장(동대문 방향)",F,30대,31,0,559.5,0,894.715,10.555
202302,Weekday,"455. 종로6가역 버스정류장(동대문 방향)",F,40대,42,0,551,0,933.4,8.395
202302,Weekday,"455. 종로6가역 버스정류장(동대문 방향)",F,50대,16,0,125.5,0,260.165,2.615
202302,Weekday,"455. 종로6가역 버스정류장(동대문 방향)",F,기타,24,0,134.5,0,315.41499999999996,3.2
202302,Weekday,"455. 종로6가역 버스정류장(동대문 방향)",M,20대,20,0,181.5,0,634.75,4.97
202302,Weekday,"455. 종로6가역 버스정류장(동대문 방향)",M,30대,136,0,2455,0,6877.6849999999995,55.905
202302,Weekday,"455. 종로6가역 버스정류장(동대문 방향)",M,40대,91,0,1272.5,0,2347.865,17.88
202302,Weekday,"455. 종로6가역 버스정류장(동대문 방향)",M,50대,86,0,1325,0,2624.58,21.17
202302,Weekday,"455. 종로6가역 버스정류장(동대문 방향)",M,기타,69,0,1634.5,0,3322.935,27.93
202302,Weekday,"455. 종로6가역 버스정류장(동대문 방향)",NULL,60대,5,0,155,0,578.99,3.83
202302,Weekday,"455. 종로6가역 버스정류장(동대문 방향)",NULL,70대이상,24,0,429,0,1099.98,9.91
202302,Weekday,"455. 종로6가역 버스정류장(동대문 방향)",F,60대,8,0,163,0,380.95,3.59
202301,Weekend,"117. 홍은사거리",NULL,60대,14,0,436,0,1653.02,14.03
202301,Weekend,"117. 홍은사거리",NULL,70대이상,5,0,42,0,202.37,1.58
202301,Weekend,"2227.방배열린문화센터 앞",F,40대,9,0,62,0,131.47,1.25
202301,Weekend,"2227.방배열린문화센터 앞",F,기타,4,0,33.5,0,92.935,0.81
202301,Weekend,"2227.방배열린문화센터 앞",M,20대,29,0,283.5,0,854.235,6.15
202302,Weekday,"2371. 한국우편사업진흥원",M,60대,11,0,156,0,665.12,5.39
202301,Weekend,"2227.방배열린문화센터 앞",M,30대,39,0,135,0,590.08,4.41
202302,Weekday,"2372. 대치역 사거리",NULL,40대,14,0,174.33333333333334,0,569.0233333333334,4.19
202301,Weekend,"2227.방배열린문화센터 앞",M,40대,22,0,259,0,563.85,4.2299999999999995
202302,Weekday,"2372. 대치역 사거리",F,40대,21,0,155,0,369.16333333333336,3.8666666666666667
202301,Weekend,"2227.방배열린문화센터 앞",M,기타,5,0,28,0,94.655,0.77
202302,Weekday,"2372. 대치역 사거리",M,40대,45,0,332,0,1471.7333333333333,11.096666666666666
202301,Weekend,"117. 홍은사거리",M,70대이상,7,0,179,0,927.36,7.31
202301,Weekend,"2227.방배열린문화센터 앞",NULL,40대,29,0,513,0,1686.64,15.07
202301,Weekend,"2227.방배열린문화센터 앞",NULL,50대,13,0,201,0,708.48,6.32
202301,Weekend,"2227.방배열린문화센터 앞",NULL,60대,9,0,50,0,170.84,1.26
202301,Weekend,"118. 광흥창역 2번출구 앞",M,기타,12,0,46.5,0,168.46,1.3499999999999999
202301,Weekend,"2227.방배열린문화센터 앞",NULL,기타,1,0,25,0,0,0.59
202301,Weekend,"118. 광흥창역 2번출구 앞",NULL,20대,44,0,448,0,979.56,9.035
202301,Weekend,"118. 광흥창역 2번출구 앞",NULL,30대,48,0,583.5,0,1208.585,10.175
202301,Weekend,"118. 광흥창역 2번출구 앞",NULL,40대,18,0,252,0,587.245,4.82
202301,Weekend,"118. 광흥창역 2번출구 앞",NULL,50대,22,0,276,0,951.72,8.61
202301,Weekend,"2227.방배열린문화센터 앞",F,50대,6,0,70,0,196.42,1.87
202301,Weekend,"118. 광흥창역 2번출구 앞",F,20대,12,0,177.5,0,366.875,3.465
202301,Weekend,"2227.방배열린문화센터 앞",F,60대,3,0,92,0,151.31,1.52
202301,Weekend,"118. 광흥창역 2번출구 앞",F,30대,22,0,243,0,699.0899999999999,6.46
202301,Weekend,"118. 광흥창역 2번출구 앞",F,~10대,3,0,83,0,181.965,2.17
202301,Weekend,"118. 광흥창역 2번출구 앞",F,기타,5,0,38,0,121.88,1.095
202301,Weekend,"118. 광흥창역 2번출구 앞",M,20대,34,0,250,0,842.25,6.54
202301,Weekend,"118. 광흥창역 2번출구 앞",M,30대,32,0,292,0,753.545,6.455
202301,Weekend,"2227.방배열린문화센터 앞",M,50대,15,0,200,0,605.14,4.81
202301,Weekend,"118. 광흥창역 2번출구 앞",M,50대,27,0,253,0,702.625,5.82
202301,Weekend,"2227.방배열린문화센터 앞",M,60대,4,0,43,0,161.41,1.35
202301,Weekend,"118. 광흥창역 2번출구 앞",M,~10대,7,0,100,0,351.61,2.91
202301,Weekend,"2227.방배열린문화센터 앞",M,70대이상,11,0,886,0,615.35,5.56
202301,Weekend,"118. 광흥창역 2번출구 앞",NULL,기타,7,0,66.5,0,256.15000000000003,2.1350000000000002
202301,Weekend,"2228.뒷벌공원 옆",NULL,20대,51,0,362,0,1026.0900000000001,9.32
202301,Weekend,"2228.뒷벌공원 옆",NULL,30대,19,0,166,0,364.425,3.15
202301,Weekend,"2228.뒷벌공원 옆",NULL,50대,6,0,28,0,96.10999999999999,0.865
202301,Weekend,"2228.뒷벌공원 옆",NULL,60대,2,0,36,0,13.385000000000002,0.12
202301,Weekend,"118. 광흥창역 2번출구 앞",NULL,60대,11,0,137,0,502.74,4.28
202301,Weekend,"2228.뒷벌공원 옆",F,20대,30,0,133.5,0,371.19,3.69
202301,Weekend,"2228.뒷벌공원 옆",F,30대,60,0,732.5,0,1128.18,12.275
202301,Weekend,"2228.뒷벌공원 옆",F,~10대,2,0,135,0,228.6,2.39
202301,Weekend,"2228.뒷벌공원 옆",F,기타,3,0,95.5,0,69.275,0.665
202301,Weekend,"118. 광흥창역 2번출구 앞",F,40대,13,0,268,0,614.12,5.39
202301,Weekend,"2228.뒷벌공원 옆",M,20대,52,0,281,0,853.1300000000001,6.805
202301,Weekend,"118. 광흥창역 2번출구 앞",F,50대,6,0,177,0,527.77,5.15
202301,Weekend,"2228.뒷벌공원 옆",M,30대,24,0,297,0,656.36,5.225
202301,Weekend,"118. 광흥창역 2번출구 앞",F,70대이상,3,0,43,0,55.21,0.58
202301,Weekend,"2228.뒷벌공원 옆",M,40대,28,0,378.5,0,985.125,6.52
202301,Weekend,"2228.뒷벌공원 옆",NULL,40대,16,0,290,0,1503.18,11.46
202301,Weekend,"118. 광흥창역 2번출구 앞",M,40대,17,0,321,0,1228.75,9.08
202301,Weekend,"118. 광흥창역 2번출구 앞",M,60대,20,0,454,0,774.66,6.77
202301,Weekend,"118. 광흥창역 2번출구 앞",M,70대이상,1,0,28,0,40.47,0.34
202301,Weekend,"2228.뒷벌공원 옆",F,40대,34,0,314,0,684,7.61
202301,Weekend,"2228.뒷벌공원 옆",F,50대,3,0,60,0,149.91,1.36
202301,Weekend,"119. 서강나루 공원",NULL,40대,64,0,346,0,995.5266666666666,8.69
202301,Weekend,"119. 서강나루 공원",F,20대,26,0,284.3333333333333,0,993.6700000000001,9.716666666666667
202301,Weekend,"119. 서강나루 공원",NULL,20대,20,0,278.5,0,676.055,6.705
202301,Weekend,"119. 서강나루 공원",NULL,30대,27,0,360.5,0,755.125,7.33
202301,Weekend,"2228.뒷벌공원 옆",M,50대,42,0,1205,0,3693.26,26.73
202301,Weekend,"119. 서강나루 공원",NULL,~10대,1,0,28,0,172.32,1.26
202301,Weekend,"2228.뒷벌공원 옆",M,60대,24,0,193,0,681.31,6.19
202301,Weekend,"119. 서강나루 공원",NULL,기타,4,0,108,0,293.545,2.7
202301,Weekend,"2228.뒷벌공원 옆",M,70대이상,1,0,13,0,49.62,0.42
202301,Weekend,"2228.뒷벌공원 옆",M,기타,13,0,160,0,348.63,2.77
202301,Weekend,"119. 서강나루 공원",F,30대,32,0,445,0,1036.745,9.925
202301,Weekend,"2229.로고스교회 맞은 편",NULL,20대,9,0,122,0,369.24,3.19
202301,Weekend,"119. 서강나루 공원",F,~10대,19,0,368.5,0,1371.2099999999998,12.639999999999999
202301,Weekend,"2229.로고스교회 맞은 편",NULL,30대,34,0,275.5,0,793.025,8.149999999999999
202301,Weekend,"119. 서강나루 공원",F,기타,1,0,15,0,36.14,0.39
202301,Weekend,"2229.로고스교회 맞은 편",NULL,40대,17,0,163.5,0,289.325,2.625
202301,Weekend,"119. 서강나루 공원",M,20대,38,0,351.5,0,1691.32,12.275
202301,Weekend,"2229.로고스교회 맞은 편",NULL,기타,7,0,85.33333333333333,0,164.14666666666668,1.4933333333333332
202301,Weekend,"119. 서강나루 공원",M,30대,67,0,834.5,0,3304.06,27.26
202301,Weekend,"2229.로고스교회 맞은 편",F,20대,8,0,93.5,0,225.965,2.145
202301,Weekend,"119. 서강나루 공원",M,40대,37,0,532,0,1644.15,12.770000000000001
202301,Weekend,"2229.로고스교회 맞은 편",F,기타,12,0,88,0,129.51,1.205
202301,Weekend,"119. 서강나루 공원",M,~10대,5,0,130,0,541.92,4.635
202301,Weekend,"2229.로고스교회 맞은 편",M,20대,12,0,166.5,0,586.65,4.375
202301,Weekend,"119. 서강나루 공원",M,기타,39,0,934.5,0,1112.77,9.715
202301,Weekend,"2229.로고스교회 맞은 편",M,30대,77,0,893.5,0,2675.09,20.515
202301,Weekend,"2229.로고스교회 맞은 편",M,40대,23,0,256,0,732.94,6.154999999999999
202301,Weekend,"119. 서강나루 공원",NULL,50대,5,0,98,0,229.26,1.99
202301,Weekend,"2229.로고스교회 맞은 편",NULL,50대,10,0,226,0,441.45,3.27
202301,Weekend,"119. 서강나루 공원",F,40대,21,0,404,0,1210.61,11.52
202301,Weekend,"2229.로고스교회 맞은 편",F,30대,4,0,21,0,80.59,0.82
202301,Weekend,"2229.로고스교회 맞은 편",F,50대,4,0,73,0,352.68,3.18
202301,Weekend,"119. 서강나루 공원",F,50대,16,0,648,0,579.67,6.47
202301,Weekend,"2229.로고스교회 맞은 편",F,~10대,1,0,65,0,113.76,1.06
202301,Weekend,"119. 서강나루 공원",F,60대,1,0,27,0,77.63,0.78
202302,Weekday,"455. 종로6가역 버스정류장(동대문 방향)",M,60대,34,0,1662,0,1402.42,12.31
202302,Weekday,"455. 종로6가역 버스정류장(동대문 방향)",M,70대이상,1,0,13,0,62.03,0.56
202301,Weekend,"2229.로고스교회 맞은 편",M,50대,19,0,352,0,1043.86,8.88
202301,Weekend,"119. 서강나루 공원",M,50대,24,0,595,0,2786.48,23.26
202301,Weekend,"2229.로고스교회 맞은 편",M,70대이상,1,0,8,0,27.96,0.24
202301,Weekend,"119. 서강나루 공원",M,60대,11,0,297,0,1317.73,11.43
202302,Weekday,"456. 숭인2동 주민센터 입구",M,20대,59,0,274.3333333333333,0,901.5733333333333,7.433333333333334
202301,Weekend,"2230.이수역 4번 출구",F,20대,37,0,109.66666666666667,0,320.02000000000004,3.1466666666666665
202302,Weekday,"456. 숭인2동 주민센터 입구",NULL,20대,137,0,899,0,2633.6,24.575
202301,Weekend,"2230.이수역 4번 출구",F,~10대,5,0,194,0,360.695,3.48
202302,Weekday,"456. 숭인2동 주민센터 입구",NULL,30대,61,0,391,0,1098.105,9.67
202301,Weekend,"2230.이수역 4번 출구",NULL,20대,94,0,1050,0,3464.08,29.255
202302,Weekday,"456. 숭인2동 주민센터 입구",NULL,40대,54,0,501,0,1558.165,11.99
202301,Weekend,"120. 신수동 사거리",F,40대,7,0,65,0,83.60333333333334,1.0833333333333333
202301,Weekend,"2230.이수역 4번 출구",NULL,30대,50,0,455,0,1741.66,13.64
202302,Weekday,"456. 숭인2동 주민센터 입구",NULL,기타,24,0,591,0,1087.3333333333333,10.076666666666666
202301,Weekend,"120. 신수동 사거리",F,기타,7,0,74.5,0,154.355,1.395
202301,Weekend,"2230.이수역 4번 출구",NULL,40대,28,0,254,0,776.73,6.425
202302,Weekday,"456. 숭인2동 주민센터 입구",F,20대,43,0,474,0,1102.5349999999999,11.34
202301,Weekend,"120. 신수동 사거리",NULL,20대,27,0,203,0,446.25,4.33
202302,Weekday,"456. 숭인2동 주민센터 입구",F,30대,94,0,533,0,1214.385,12.315
202301,Weekend,"2230.이수역 4번 출구",NULL,50대,33,0,270,0,816.8349999999999,6.55
202301,Weekend,"120. 신수동 사거리",NULL,30대,36,0,400.5,0,1726.6,13.15
202302,Weekday,"456. 숭인2동 주민센터 입구",F,60대,4,0,43.5,0,103.82,0.9349999999999999
202301,Weekend,"2230.이수역 4번 출구",NULL,기타,4,0,20.666666666666668,0,76.40666666666667,0.71
202302,Weekday,"456. 숭인2동 주민센터 입구",F,~10대,9,0,54,0,172.17,1.675
202302,Weekday,"456. 숭인2동 주민센터 입구",F,기타,48,0,237,0,724.65,7.035
202301,Weekend,"2230.이수역 4번 출구",F,30대,36,0,271,0,1037.63,10.280000000000001
202301,Weekend,"2230.이수역 4번 출구",F,40대,12,0,179,0,142.175,1.3150000000000002
202302,Weekday,"456. 숭인2동 주민센터 입구",M,30대,141,0,1052,0,2950.26,23.580000000000002
202301,Weekend,"120. 신수동 사거리",NULL,기타,3,0,26,0,87.67333333333333,0.8533333333333334
202302,Weekday,"456. 숭인2동 주민센터 입구",M,50대,54,0,906.5,0,2532.8650000000002,20.645
202301,Weekend,"2230.이수역 4번 출구",F,기타,13,0,143.5,0,142.20499999999998,1.49
202301,Weekend,"120. 신수동 사거리",F,20대,21,0,625,0,470.355,5.31
202302,Weekday,"456. 숭인2동 주민센터 입구",M,~10대,12,0,68.5,0,261.025,2.3449999999999998
202301,Weekend,"2230.이수역 4번 출구",M,20대,64,0,348,0,1490.505,11.85
202302,Weekday,"456. 숭인2동 주민센터 입구",M,기타,64,0,320,0,1374.885,11.935
202301,Weekend,"2230.이수역 4번 출구",M,30대,74,0,786.5,0,1824.42,14.325
202301,Weekend,"2230.이수역 4번 출구",M,50대,44,0,322,0,842.7950000000001,6.57
202301,Weekend,"2230.이수역 4번 출구",M,~10대,20,0,295.5,0,768.22,6.789999999999999
202301,Weekend,"2230.이수역 4번 출구",M,기타,25,0,386,0,693.1949999999999,5.8
202302,Weekday,"456. 숭인2동 주민센터 입구",NULL,50대,19,0,1031,0,910.5,7.71
202302,Weekday,"456. 숭인2동 주민센터 입구",NULL,60대,7,0,43,0,167.8,1.57
202302,Weekday,"456. 숭인2동 주민센터 입구",NULL,~10대,1,0,28,0,79.38,0.72
202302,Weekday,"456. 숭인2동 주민센터 입구",F,40대,33,0,833,0,2277.98,21.91
202302,Weekday,"456. 숭인2동 주민센터 입구",F,50대,42,0,2045,0,1672.79,16.11
202302,Weekday,"456. 숭인2동 주민센터 입구",F,70대이상,1,0,6,0,36.92,0.26
202301,Weekend,"2230.이수역 4번 출구",NULL,60대,12,0,103,0,413.22,3.02
202302,Weekday,"456. 숭인2동 주민센터 입구",M,40대,57,0,1495,0,3694.23,29.34
202302,Weekday,"456. 숭인2동 주민센터 입구",M,60대,23,0,789,0,2049.83,18.24
202301,Weekend,"2230.이수역 4번 출구",F,50대,3,0,116,0,177.59,2.12
202302,Weekday,"456. 숭인2동 주민센터 입구",M,70대이상,2,0,45,0,110.3,0.92
202301,Weekend,"2230.이수역 4번 출구",F,60대,6,0,58,0,164.75,1.56
202301,Weekend,"2230.이수역 4번 출구",F,70대이상,1,0,6,0,18.59,0.14
202302,Weekday,"457. 종로꽃시장 입구 옆",M,~10대,8,0,35.666666666666664,0,115.69333333333333,0.9700000000000001
202302,Weekday,"457. 종로꽃시장 입구 옆",NULL,20대,57,0,300.5,0,824.915,7.275
202302,Weekday,"457. 종로꽃시장 입구 옆",NULL,30대,46,0,670.5,0,1282.62,9.965
202302,Weekday,"457. 종로꽃시장 입구 옆",NULL,40대,37,0,436.5,0,891.7700000000001,6.455
202302,Weekday,"457. 종로꽃시장 입구 옆",NULL,50대,22,0,252,0,539.745,4.694999999999999
202302,Weekday,"457. 종로꽃시장 입구 옆",NULL,기타,5,0,83.66666666666667,0,269.78,2.5233333333333334
202302,Weekday,"457. 종로꽃시장 입구 옆",F,20대,62,0,506,0,926.34,9.11
202302,Weekday,"457. 종로꽃시장 입구 옆",F,30대,20,0,241.5,0,431.6,4.135
202301,Weekend,"2230.이수역 4번 출구",M,40대,74,0,2081,0,4293.59,34.37
202302,Weekday,"457. 종로꽃시장 입구 옆",F,40대,23,0,223.5,0,417.76,4.2250000000000005
202302,Weekday,"457. 종로꽃시장 입구 옆",F,60대,23,0,228.5,0,459.46,4.21
202301,Weekend,"2230.이수역 4번 출구",M,60대,16,0,198,0,545.15,4.92
202302,Weekday,"2372. 대치역 사거리",M,50대,49,0,451.3333333333333,0,1681.3,13.563333333333333
202302,Weekday,"457. 종로꽃시장 입구 옆",F,기타,20,0,176.5,0,534.36,5.239999999999999
202302,Weekday,"457. 종로꽃시장 입구 옆",M,20대,42,0,408,0,1156.5349999999999,9.15
202302,Weekday,"457. 종로꽃시장 입구 옆",M,30대,84,0,707.5,0,2033.88,16.895
202302,Weekday,"2372. 대치역 사거리",NULL,20대,31,0,528.5,0,1362.845,12.685
202301,Weekend,"2230.이수역 4번 출구",M,70대이상,24,0,401,0,812.58,6.7
202302,Weekday,"457. 종로꽃시장 입구 옆",m,40대,60,0,421.5,0,1662.715,12.594999999999999
202302,Weekday,"2372. 대치역 사거리",NULL,30대,11,0,225,0,489.55,4.1049999999999995
202302,Weekday,"457. 종로꽃시장 입구 옆",M,50대,92,0,904.5,0,3307.325,26.155
202302,Weekday,"2372. 대치역 사거리",NULL,50대,19,0,272,0,768.7950000000001,6.645
202301,Weekend,"2231. 삼성타운(삼성생명) A동 맞은편",M,~10대,7,0,30.333333333333332,0,129.82000000000002,1.0166666666666668
202302,Weekday,"457. 종로꽃시장 입구 옆",M,기타,29,0,400.5,0,1078.615,8.865
202302,Weekday,"2372. 대치역 사거리",NULL,기타,7,0,28.666666666666668,0,78.45333333333333,0.7633333333333333
202301,Weekend,"2231. 삼성타운(삼성생명) A동 맞은편",NULL,20대,116,0,1470,0,3888.5600000000004,33.025
202302,Weekday,"2372. 대치역 사거리",F,20대,26,0,259,0,884.725,8.865
202301,Weekend,"2231. 삼성타운(삼성생명) A동 맞은편",NULL,30대,83,0,1488.5,0,2973.33,25.349999999999998
202302,Weekday,"2372. 대치역 사거리",F,30대,14,0,206,0,330.185,3.37
202301,Weekend,"2231. 삼성타운(삼성생명) A동 맞은편",NULL,40대,37,0,450.5,0,1178.36,9.98
202301,Weekend,"2231. 삼성타운(삼성생명) A동 맞은편",NULL,50대,45,0,363,0,987.82,7.4799999999999995
202302,Weekday,"2372. 대치역 사거리",F,50대,11,0,180.5,0,600.455,6.245
202301,Weekend,"2231. 삼성타운(삼성생명) A동 맞은편",NULL,60대,11,0,62,0,193.95999999999998,1.58
202302,Weekday,"2372. 대치역 사거리",F,60대,14,0,350,0,833.085,9.280000000000001
202302,Weekday,"457. 종로꽃시장 입구 옆",NULL,60대,7,0,296,0,344.42,2.9
202302,Weekday,"2372. 대치역 사거리",F,~10대,21,0,208.5,0,544.155,5.37
202302,Weekday,"457. 종로꽃시장 입구 옆",NULL,70대이상,10,0,120,0,296.66,2.7
202302,Weekday,"2372. 대치역 사거리",F,기타,7,0,72,0,110.86,1.17
202302,Weekday,"457. 종로꽃시장 입구 옆",NULL,~10대,1,0,16,0,54.8,0.38
202302,Weekday,"2372. 대치역 사거리",M,20대,37,0,424.5,0,1570.78,12.704999999999998
202302,Weekday,"2372. 대치역 사거리",M,30대,39,0,354.5,0,812.5949999999999,6.575
202301,Weekend,"2231. 삼성타운(삼성생명) A동 맞은편",NULL,~10대,1,0,27,0,71.28,0.84
202301,Weekend,"2231. 삼성타운(삼성생명) A동 맞은편",NULL,기타,16,0,116.33333333333333,0,328.78333333333336,2.953333333333333
202301,Weekend,"2231. 삼성타운(삼성생명) A동 맞은편",F,20대,38,0,379.5,0,794.115,9.425
202302,Weekday,"2372. 대치역 사거리",M,60대,10,0,173,0,843.685,7.640000000000001
202301,Weekend,"2231. 삼성타운(삼성생명) A동 맞은편",F,30대,38,0,264,0,632.84,6.35
202302,Weekday,"2372. 대치역 사거리",M,~10대,19,0,280,0,999.4499999999999,9.055
202302,Weekday,"2372. 대치역 사거리",M,기타,21,0,427,0,1653.575,14.610000000000001
202301,Weekend,"2231. 삼성타운(삼성생명) A동 맞은편",F,40대,10,0,145.5,0,397.64,3.7249999999999996
202301,Weekend,"2231. 삼성타운(삼성생명) A동 맞은편",F,~10대,3,0,16.5,0,30.845,0.385
202302,Weekday,"457. 종로꽃시장 입구 옆",F,50대,18,0,410,0,739.97,7.61
202301,Weekend,"2231. 삼성타운(삼성생명) A동 맞은편",M,20대,70,0,812,0,2074.665,16.855
202301,Weekend,"2231. 삼성타운(삼성생명) A동 맞은편",M,30대,116,0,1993.5,0,4516.245,35.885
202301,Weekend,"2231. 삼성타운(삼성생명) A동 맞은편",M,40대,108,0,1030.5,0,3482.045,26.154999999999998
202301,Weekend,"2231. 삼성타운(삼성생명) A동 맞은편",M,50대,62,0,881,0,2169.105,17.825
202302,Weekday,"2372. 대치역 사거리",NULL,60대,10,0,139,0,497.83,4.53
202301,Weekend,"2231. 삼성타운(삼성생명) A동 맞은편",M,60대,13,0,152.5,0,518.0649999999999,4.39
202301,Weekend,"2231. 삼성타운(삼성생명) A동 맞은편",M,기타,13,0,438.5,0,615.375,5.24
202302,Weekday,"457. 종로꽃시장 입구 옆",M,60대,24,0,925,0,912.19,7.98
202302,Weekday,"457. 종로꽃시장 입구 옆",M,70대이상,41,0,525,0,1237.57,10.82
202302,Weekday,"458. 광화문역 5번출구",F,20대,105,0,711.3333333333334,0,2180.9066666666668,21.099999999999998
202302,Weekday,"458. 광화문역 5번출구",F,기타,59,0,223,0,668.3366666666667,6.44
202302,Weekday,"458. 광화문역 5번출구",M,~10대,25,0,241.66666666666666,0,612.2033333333333,5.503333333333333
202302,Weekday,"458. 광화문역 5번출구",NULL,20대,172,0,1515.5,0,4132.785,36.825
202302,Weekday,"458. 광화문역 5번출구",NULL,30대,144,0,1491.5,0,5077.83,44.15
202302,Weekday,"458. 광화문역 5번출구",NULL,40대,96,0,807.5,0,3060.555,23.425
202302,Weekday,"458. 광화문역 5번출구",NULL,50대,53,0,649.5,0,1465.095,12.245
202302,Weekday,"458. 광화문역 5번출구",NULL,~10대,6,0,72,0,284.375,2.375
202302,Weekday,"458. 광화문역 5번출구",NULL,기타,32,0,294.3333333333333,0,593.3066666666667,5.43
202301,Weekend,"2231. 삼성타운(삼성생명) A동 맞은편",F,50대,11,0,91,0,296.68,2.86
202301,Weekend,"2231. 삼성타운(삼성생명) A동 맞은편",F,60대,1,0,8,0,18.24,0.17
202302,Weekday,"458. 광화문역 5번출구",F,30대,115,0,1041.5,0,2574.6949999999997,24.81
202302,Weekday,"458. 광화문역 5번출구",F,40대,67,0,569.5,0,1661.47,17.415000000000003
202301,Weekend,"2231. 삼성타운(삼성생명) A동 맞은편",F,기타,17,0,894,0,962.85,8.32
202302,Weekday,"458. 광화문역 5번출구",F,50대,31,0,227.5,0,556.6850000000001,5.705
202302,Weekday,"458. 광화문역 5번출구",F,~10대,13,0,213.5,0,524.485,4.75
202302,Weekday,"458. 광화문역 5번출구",M,20대,162,0,1632,0,5668.04,47.28
202301,Weekend,"2231. 삼성타운(삼성생명) A동 맞은편",M,70대이상,2,0,22,0,61.26,0.55
202302,Weekday,"458. 광화문역 5번출구",M,30대,231,0,2044.5,0,6862.16,55.415
202301,Weekend,"2233. 서초신동아1차아파트 옆",F,40대,4,0,54.5,0,133.645,1.305
202301,Weekend,"2233. 서초신동아1차아파트 옆",NULL,30대,78,0,2090,0,1303.08,11.95
202301,Weekend,"2233. 서초신동아1차아파트 옆",NULL,40대,28,0,155.5,0,941.885,7.48
202301,Weekend,"2233. 서초신동아1차아파트 옆",F,20대,24,0,92,0,274.09000000000003,2.7299999999999995
202301,Weekend,"2233. 서초신동아1차아파트 옆",F,~10대,1,0,28,0,28.03,0.28
202301,Weekend,"2233. 서초신동아1차아파트 옆",F,기타,14,0,359.5,0,368.26500000000004,2.995
202301,Weekend,"2233. 서초신동아1차아파트 옆",M,20대,21,0,204,0,498.795,4.305
202301,Weekend,"2233. 서초신동아1차아파트 옆",M,30대,77,0,534.5,0,1608.0749999999998,12.92
202301,Weekend,"2233. 서초신동아1차아파트 옆",M,40대,41,0,391.5,0,634.3449999999999,5.21
202301,Weekend,"2233. 서초신동아1차아파트 옆",M,50대,33,0,334,0,1260.14,10.695
202301,Weekend,"2233. 서초신동아1차아파트 옆",M,기타,20,0,181.5,0,446.955,3.7
202301,Weekend,"2233. 서초신동아1차아파트 옆",NULL,기타,8,0,31,0,111.22,0.98
202301,Weekend,"2233. 서초신동아1차아파트 옆",NULL,20대,33,0,229,0,904.49,7.95
202301,Weekend,"2233. 서초신동아1차아파트 옆",NULL,50대,21,0,189,0,639.49,5.18
202301,Weekend,"2233. 서초신동아1차아파트 옆",NULL,60대,7,0,165,0,266.43,2.38
202301,Weekend,"2233. 서초신동아1차아파트 옆",F,30대,8,0,107,0,188.15,1.98
202301,Weekend,"2233. 서초신동아1차아파트 옆",F,50대,19,0,431,0,1136.75,11.98
202301,Weekend,"2233. 서초신동아1차아파트 옆",M,60대,4,0,30,0,170.92,1.4
202301,Weekend,"2235.KT 서초지사 앞",NULL,20대,9,0,72,0,150.46,1.625
202301,Weekend,"2235.KT 서초지사 앞",NULL,30대,4,0,26.5,0,99.83500000000001,0.845
202301,Weekend,"2235.KT 서초지사 앞",NULL,50대,3,0,18,0,47.06,0.4
202301,Weekend,"2235.KT 서초지사 앞",NULL,기타,3,0,37.333333333333336,0,155.15,1.5066666666666666
202302,Weekday,"2373. 개포동역 사거리",NULL,40대,10,0,128.33333333333334,0,472.65333333333336,3.643333333333333
202301,Weekend,"2235.KT 서초지사 앞",F,20대,5,0,57.5,0,173.13,1.775
202302,Weekday,"2373. 개포동역 사거리",NULL,50대,11,0,122.66666666666667,0,391.7,3.6300000000000003
202301,Weekend,"2235.KT 서초지사 앞",M,20대,12,0,123.5,0,523.725,4.245
202302,Weekday,"2373. 개포동역 사거리",F,40대,6,0,119.33333333333333,0,338.2966666666667,3.53
202301,Weekend,"2235.KT 서초지사 앞",M,40대,27,0,370.5,0,716.57,5.025
202301,Weekend,"2235.KT 서초지사 앞",M,기타,3,0,44,0,134.43,1.16
202302,Weekday,"2373. 개포동역 사거리",NULL,20대,60,0,374.5,0,1660.64,14.075
202302,Weekday,"2373. 개포동역 사거리",NULL,30대,33,0,399,0,1100.16,9.75
202301,Weekend,"2235.KT 서초지사 앞",NULL,40대,2,0,34,0,119.62,0.97
202302,Weekday,"2373. 개포동역 사거리",NULL,기타,6,0,78.66666666666667,0,238.64333333333332,2.1533333333333333
202301,Weekend,"2235.KT 서초지사 앞",NULL,60대,2,0,81,0,324.75,2.41
202302,Weekday,"2373. 개포동역 사거리",F,20대,40,0,725.5,0,1434.8449999999998,15.715
202302,Weekday,"2373. 개포동역 사거리",F,30대,29,0,399,0,961.33,9.225
202302,Weekday,"2373. 개포동역 사거리",F,~10대,6,0,89,0,286.34,2.865
202302,Weekday,"2373. 개포동역 사거리",F,기타,6,0,88.5,0,266.605,2.585
202302,Weekday,"2373. 개포동역 사거리",M,20대,133,0,1265.5,0,3716.19,31.495
202301,Weekend,"2235.KT 서초지사 앞",F,30대,5,0,144,0,362.52,4.19
202302,Weekday,"2373. 개포동역 사거리",M,30대,17,0,83.5,0,319.71500000000003,2.545
202301,Weekend,"2235.KT 서초지사 앞",F,기타,1,0,10,0,48.48,0.54
202302,Weekday,"2373. 개포동역 사거리",M,40대,19,0,280,0,1199.24,9.51
202302,Weekday,"2373. 개포동역 사거리",M,~10대,10,0,66,0,257.22,2.15
202301,Weekend,"2235.KT 서초지사 앞",M,30대,10,0,145,0,629.09,4.65
202302,Weekday,"2373. 개포동역 사거리",M,기타,17,0,171.5,0,695.315,6.109999999999999
202301,Weekend,"2235.KT 서초지사 앞",M,50대,19,0,339,0,719.72,6.05
202301,Weekend,"2235.KT 서초지사 앞",M,70대이상,1,0,12,0,38.35,0.35
202301,Weekend,"2235.KT 서초지사 앞",M,~10대,11,0,206,0,262.45,2.21
202301,Weekend,"2237.서울남부터미널 대합실 입구",NULL,20대,42,0,410,0,1041,9.594999999999999
202302,Weekday,"2373. 개포동역 사거리",NULL,60대,2,0,24,0,93.37,0.75
202301,Weekend,"2237.서울남부터미널 대합실 입구",NULL,30대,24,0,271,0,772.405,6.63
202301,Weekend,"2237.서울남부터미널 대합실 입구",NULL,60대,8,0,54.5,0,101.625,0.805
202301,Weekend,"2237.서울남부터미널 대합실 입구",NULL,~10대,2,0,34,0,145.885,1.43
202302,Weekday,"2373. 개포동역 사거리",F,50대,7,0,124,0,406.61,3.86
202302,Weekday,"2373. 개포동역 사거리",F,60대,2,0,90,0,391.89,4.17
202301,Weekend,"2237.서울남부터미널 대합실 입구",NULL,기타,18,0,180.5,0,517.765,4.93
202301,Weekend,"2237.서울남부터미널 대합실 입구",F,20대,26,0,171,0,474.68,4.325
202301,Weekend,"2237.서울남부터미널 대합실 입구",F,40대,8,0,67.5,0,191.855,1.865
202301,Weekend,"2237.서울남부터미널 대합실 입구",F,기타,12,0,138,0,299.46000000000004,3.2199999999999998
202301,Weekend,"2237.서울남부터미널 대합실 입구",M,20대,42,0,498.5,0,1842.8899999999999,16.575
202301,Weekend,"120. 신수동 사거리",F,30대,40,0,345.5,0,1006.19,9.64
202301,Weekend,"2237.서울남부터미널 대합실 입구",M,30대,42,0,628.5,0,1869.855,14.155000000000001
202302,Weekday,"2373. 개포동역 사거리",M,50대,18,0,281,0,1387.95,10.57
202302,Weekday,"2373. 개포동역 사거리",M,60대,20,0,653,0,2656.6,20.63
202301,Weekend,"120. 신수동 사거리",F,50대,4,0,88.5,0,131.57,1.405
202301,Weekend,"2237.서울남부터미널 대합실 입구",M,40대,71,0,731.5,0,1871.07,14.465
202301,Weekend,"120. 신수동 사거리",M,20대,28,0,182.5,0,1013.36,6.88
202301,Weekend,"2237.서울남부터미널 대합실 입구",M,50대,23,0,281,0,547.51,4.525
202301,Weekend,"2237.서울남부터미널 대합실 입구",M,60대,29,0,515,0,1482.585,11.935
202302,Weekday,"2375. 수서역 1번출구 앞",NULL,20대,142,0,1485,0,4959.735,43.745000000000005
202302,Weekday,"2375. 수서역 1번출구 앞",NULL,30대,59,0,431,0,1707.8049999999998,15.135
202301,Weekend,"120. 신수동 사거리",NULL,40대,14,0,502,0,2521.13,22.07
202302,Weekday,"2375. 수서역 1번출구 앞",NULL,40대,18,0,128,0,605.28,4.84
202302,Weekday,"2375. 수서역 1번출구 앞",NULL,50대,44,0,342,0,1221.705,10.155
202301,Weekend,"120. 신수동 사거리",NULL,50대,2,0,56,0,354.28,3.05
202301,Weekend,"2237.서울남부터미널 대합실 입구",M,~10대,7,0,243.5,0,799.76,6.46
202302,Weekday,"2375. 수서역 1번출구 앞",NULL,60대,7,0,130.5,0,520.01,4.534999999999999
202301,Weekend,"2237.서울남부터미널 대합실 입구",M,기타,12,0,140.5,0,268.465,2.1149999999999998
202302,Weekday,"2375. 수서역 1번출구 앞",NULL,기타,13,0,171,0,421.8733333333333,3.8466666666666662
202302,Weekday,"2375. 수서역 1번출구 앞",F,20대,24,0,178.5,0,505.11,5.31
202302,Weekday,"2375. 수서역 1번출구 앞",F,30대,65,0,734.5,0,2316.465,22.27
202301,Weekend,"2237.서울남부터미널 대합실 입구",NULL,40대,27,0,452,0,1724.7,13.01
202302,Weekday,"2375. 수서역 1번출구 앞",F,40대,12,0,293,0,1228.79,13.775
202302,Weekday,"2375. 수서역 1번출구 앞",F,50대,35,0,481,0,1234.995,12.54
202301,Weekend,"120. 신수동 사거리",M,30대,24,0,226,0,848,6.45
202302,Weekday,"2375. 수서역 1번출구 앞",F,~10대,6,0,38,0,91.595,1.1300000000000001
202301,Weekend,"2237.서울남부터미널 대합실 입구",NULL,50대,12,0,105,0,333.44,2.97
202301,Weekend,"120. 신수동 사거리",M,40대,9,0,81,0,371.92,2.99
202302,Weekday,"2375. 수서역 1번출구 앞",M,20대,96,0,720.5,0,2620.8450000000003,20.79
202301,Weekend,"120. 신수동 사거리",M,50대,13,0,322,0,820.74,7.09
202302,Weekday,"2375. 수서역 1번출구 앞",M,30대,100,0,708.5,0,2924.5699999999997,24.14
202301,Weekend,"2237.서울남부터미널 대합실 입구",NULL,70대이상,2,0,30,0,42.42,0.37
202301,Weekend,"120. 신수동 사거리",M,60대,3,0,256,0,157.49,1.53
202302,Weekday,"2375. 수서역 1번출구 앞",M,40대,97,0,1497,0,5937.12,40.754999999999995
202301,Weekend,"120. 신수동 사거리",M,70대이상,1,0,125,0,0.95,0.01
202302,Weekday,"2375. 수서역 1번출구 앞",M,50대,33,0,378.5,0,1670.565,13.774999999999999
202301,Weekend,"120. 신수동 사거리",M,기타,4,0,42,0,241.81,1.54
202302,Weekday,"2375. 수서역 1번출구 앞",M,~10대,9,0,154,0,434.28999999999996,3.835
202302,Weekday,"2375. 수서역 1번출구 앞",M,기타,42,0,417,0,2244.085,19.835
202301,Weekend,"121. 마포소방서 앞",NULL,20대,32,0,171.5,0,665.49,5.88
202301,Weekend,"2237.서울남부터미널 대합실 입구",F,30대,10,0,203,0,483.67,4.41
202301,Weekend,"2237.서울남부터미널 대합실 입구",F,50대,3,0,55,0,81.89,0.86
202301,Weekend,"2237.서울남부터미널 대합실 입구",F,70대이상,1,0,3,0,10.81,0.1
202301,Weekend,"121. 마포소방서 앞",NULL,30대,20,0,107,0,398.745,3.7750000000000004
202301,Weekend,"2237.서울남부터미널 대합실 입구",F,~10대,5,0,27,0,29.06,0.3
202302,Weekday,"2375. 수서역 1번출구 앞",F,기타,5,0,204,0,674.65,6.09
202301,Weekend,"121. 마포소방서 앞",NULL,40대,12,0,25.666666666666668,0,88.43333333333334,0.7466666666666666
202301,Weekend,"121. 마포소방서 앞",NULL,50대,6,0,147,0,415.9,4.385
202301,Weekend,"121. 마포소방서 앞",NULL,~10대,1,0,7,0,34.85,0.26
202301,Weekend,"121. 마포소방서 앞",NULL,기타,2,0,67.5,0,152.38,1.375
202301,Weekend,"121. 마포소방서 앞",F,20대,13,0,103,0,277.525,2.75
202301,Weekend,"121. 마포소방서 앞",F,30대,21,0,252,0,793.3100000000001,7.11
202301,Weekend,"121. 마포소방서 앞",F,기타,4,0,45,0,84.17999999999999,0.885
202301,Weekend,"121. 마포소방서 앞",M,20대,24,0,126,0,427.875,3.655
202301,Weekend,"121. 마포소방서 앞",M,30대,48,0,368.5,0,1471.935,12.84
202301,Weekend,"121. 마포소방서 앞",M,40대,41,0,229.5,0,696.85,5.305
202301,Weekend,"121. 마포소방서 앞",M,~10대,7,0,503,0,1270.72,12.53
202301,Weekend,"121. 마포소방서 앞",NULL,60대,1,0,1,0,8.38,0.07
202301,Weekend,"121. 마포소방서 앞",F,50대,3,0,29,0,71.02,0.72
202301,Weekend,"121. 마포소방서 앞",M,50대,31,0,898,0,6293.79,46.67
202301,Weekend,"121. 마포소방서 앞",M,60대,27,0,1686,0,1102.87,10.7
202301,Weekend,"121. 마포소방서 앞",M,70대이상,15,0,757,0,3418.22,31.3
202301,Weekend,"121. 마포소방서 앞",M,기타,14,0,222,0,685.58,6.37
202301,Weekend,"122. 신성기사식당 앞",NULL,20대,52,0,1188.5,0,2177.25,20.224999999999998
202301,Weekend,"122. 신성기사식당 앞",F,20대,8,0,100.5,0,310.115,3.145
202301,Weekend,"122. 신성기사식당 앞",F,30대,46,0,451.5,0,1788.64,16.25
202301,Weekend,"122. 신성기사식당 앞",M,20대,68,0,417.5,0,1303.445,10.875
202301,Weekend,"122. 신성기사식당 앞",M,30대,12,0,89,0,291.90999999999997,2.255
202302,Weekday,"458. 광화문역 5번출구",M,40대,235,0,2612.5,0,10169.765,77.39
202301,Weekend,"122. 신성기사식당 앞",M,50대,12,0,174.5,0,417.97999999999996,3.485
202301,Weekend,"122. 신성기사식당 앞",M,~10대,4,0,56.5,0,39.620000000000005,0.38
202301,Weekend,"122. 신성기사식당 앞",M,기타,6,0,19.5,0,88.22,0.71
202302,Weekday,"458. 광화문역 5번출구",M,50대,144,0,1582,0,6246.285,52.970000000000006
202302,Weekday,"458. 광화문역 5번출구",M,60대,50,0,338,0,1223.855,10.799999999999999
202301,Weekend,"122. 신성기사식당 앞",NULL,30대,94,0,2174,0,5482.9,42.93
202301,Weekend,"122. 신성기사식당 앞",NULL,40대,19,0,402,0,1449.88,13.34
202302,Weekday,"458. 광화문역 5번출구",M,기타,37,0,475,0,1622.0249999999999,12.935
202301,Weekend,"122. 신성기사식당 앞",NULL,50대,17,0,167,0,527.4,4.26
202301,Weekend,"122. 신성기사식당 앞",NULL,60대,3,0,45,0,215.06,1.57
202301,Weekend,"122. 신성기사식당 앞",NULL,기타,2,0,62,0,217.82,2.13
202302,Weekday,"458. 광화문역 5번출구",NULL,60대,23,0,531,0,1612.97,13.45
202302,Weekday,"458. 광화문역 5번출구",NULL,70대이상,2,0,76,0,193.08,1.65
202301,Weekend,"122. 신성기사식당 앞",F,40대,2,0,10,0,28.67,0.29
202301,Weekend,"122. 신성기사식당 앞",F,50대,1,0,36,0,109.8,0.8
202301,Weekend,"122. 신성기사식당 앞",F,60대,17,0,372,0,702.85,8.34
202301,Weekend,"122. 신성기사식당 앞",F,기타,1,0,8,0,19.6,0.26
202301,Weekend,"122. 신성기사식당 앞",M,40대,16,0,483,0,1356.05,11.47
202302,Weekday,"458. 광화문역 5번출구",F,60대,10,0,284,0,621.93,6.23
202302,Weekday,"458. 광화문역 5번출구",F,70대이상,5,0,141,0,308.98,2.4
202301,Weekend,"122. 신성기사식당 앞",M,60대,33,0,1959,0,1235.41,12.01
202301,Weekend,"122. 신성기사식당 앞",M,70대이상,1,0,14,0,47.9,0.44
202301,Weekend,"123. 문화촌 공원",NULL,50대,37,0,354,0,1501.64,13.405
202301,Weekend,"123. 문화촌 공원",M,30대,64,0,474.6666666666667,0,2063.3033333333333,15.36
202301,Weekend,"123. 문화촌 공원",M,~10대,17,0,142,0,503.49333333333334,4.583333333333333
202301,Weekend,"123. 문화촌 공원",NULL,20대,61,0,759.5,0,2572.7,24.23
202301,Weekend,"123. 문화촌 공원",NULL,30대,32,0,545.5,0,2444.645,19.875
202301,Weekend,"123. 문화촌 공원",NULL,40대,72,0,979.5,0,4423.845,40.22
202302,Weekday,"461. 서울지방경찰청",M,~10대,7,0,170,0,413.57,3.93
202301,Weekend,"123. 문화촌 공원",NULL,60대,12,0,187,0,1268.3200000000002,9.1
202302,Weekday,"461. 서울지방경찰청",NULL,20대,62,0,502.5,0,1608.79,14.23
202301,Weekend,"123. 문화촌 공원",NULL,~10대,5,0,239,0,777.4000000000001,6.86
202301,Weekend,"123. 문화촌 공원",NULL,기타,52,0,737,0,1846.745,17.895
202301,Weekend,"123. 문화촌 공원",F,20대,49,0,726,0,2140.25,20.71
202301,Weekend,"123. 문화촌 공원",F,30대,32,0,469.5,0,1623.0049999999999,17.575
202301,Weekend,"123. 문화촌 공원",F,40대,13,0,226,0,628.92,6.09
202301,Weekend,"123. 문화촌 공원",F,50대,76,0,1887,0,4684.39,55.22
202301,Weekend,"123. 문화촌 공원",F,~10대,6,0,264.5,0,722.2900000000001,6.365
202301,Weekend,"123. 문화촌 공원",F,기타,10,0,104.5,0,365.32,3.4749999999999996
202301,Weekend,"123. 문화촌 공원",M,20대,89,0,1088,0,3451.565,32.235
202301,Weekend,"123. 문화촌 공원",M,40대,53,0,869,0,3819.2200000000003,32.43
202301,Weekend,"123. 문화촌 공원",M,50대,31,0,307.5,0,1649.3,12.86
202302,Weekday,"461. 서울지방경찰청",NULL,30대,108,0,811,0,2160.08,18.745
202301,Weekend,"123. 문화촌 공원",M,기타,37,0,672,0,3687.045,28.73
202302,Weekday,"461. 서울지방경찰청",NULL,40대,60,0,434,0,1186.225,10.215
202302,Weekday,"461. 서울지방경찰청",NULL,50대,19,0,157.5,0,387.78000000000003,3.045
202302,Weekday,"461. 서울지방경찰청",F,20대,61,0,387.5,0,985.9250000000001,10.455
202302,Weekday,"461. 서울지방경찰청",F,30대,42,0,381.5,0,737.04,7.845000000000001
202302,Weekday,"461. 서울지방경찰청",F,40대,23,0,192,0,430.32,4.41
202302,Weekday,"461. 서울지방경찰청",F,50대,24,0,194,0,338.28499999999997,3.195
202302,Weekday,"461. 서울지방경찰청",F,70대이상,3,0,10.5,0,25.89,0.2
202302,Weekday,"461. 서울지방경찰청",F,기타,14,0,101,0,353.545,2.83
202302,Weekday,"461. 서울지방경찰청",M,20대,47,0,468.5,0,1425.1499999999999,9.005
202302,Weekday,"461. 서울지방경찰청",M,30대,133,0,693,0,2428.215,19.37
202302,Weekday,"461. 서울지방경찰청",M,40대,132,0,794.5,0,3309.045,26.89
202301,Weekend,"123. 문화촌 공원",F,60대,12,0,245,0,798.58,7.28
202302,Weekday,"461. 서울지방경찰청",M,50대,60,0,660,0,2179.6549999999997,18.919999999999998
202302,Weekday,"461. 서울지방경찰청",M,기타,18,0,195.5,0,481.415,3.815
202302,Weekday,"461. 서울지방경찰청",NULL,기타,8,0,99.5,0,345.535,3.1550000000000002
202301,Weekend,"2237.서울남부터미널 대합실 입구",M,70대이상,2,0,32,0,70.83,0.66
202302,Weekday,"461. 서울지방경찰청",NULL,60대,20,0,904,0,482.61,4.31
202301,Weekend,"2239.교대역 6번출구",F,~10대,1,0,26,0,49.68,0.45
202301,Weekend,"2239.교대역 6번출구",NULL,20대,48,0,650.5,0,1013.015,9.629999999999999
202301,Weekend,"2239.교대역 6번출구",NULL,30대,26,0,487.5,0,885.785,7.03
202301,Weekend,"2239.교대역 6번출구",NULL,~10대,2,0,7,0,20.695,0.24
202302,Weekday,"461. 서울지방경찰청",F,60대,2,0,27,0,39.08,0.43
202301,Weekend,"2239.교대역 6번출구",NULL,기타,5,0,19.5,0,68.695,0.625
202301,Weekend,"2239.교대역 6번출구",F,20대,23,0,208,0,360.01,3.53
202301,Weekend,"2239.교대역 6번출구",F,30대,24,0,125.5,0,621.37,6.36
202301,Weekend,"2239.교대역 6번출구",F,기타,7,0,118.5,0,355.895,3.21
202301,Weekend,"2239.교대역 6번출구",M,30대,66,0,701,0,1919.515,15.09
202301,Weekend,"2239.교대역 6번출구",M,~10대,1,0,17,0,37.58,0.34
202301,Weekend,"2239.교대역 6번출구",M,기타,16,0,108.5,0,261.325,2.06
202302,Weekday,"461. 서울지방경찰청",M,60대,9,0,272,0,642.33,5.24
202302,Weekday,"461. 서울지방경찰청",M,70대이상,5,0,127,0,183.61,1.54
202301,Weekend,"2239.교대역 6번출구",NULL,40대,6,0,143,0,221.17,2.07
202302,Weekday,"462. 신영동삼거리(북악터널방향)",NULL,20대,7,0,53,0,204.45,1.575
202301,Weekend,"2239.교대역 6번출구",NULL,50대,38,0,731,0,2717.79,23.77
202302,Weekday,"462. 신영동삼거리(북악터널방향)",NULL,50대,5,0,44,0,186.3,1.385
202301,Weekend,"2239.교대역 6번출구",NULL,60대,2,0,49,0,191.86,1.46
202302,Weekday,"462. 신영동삼거리(북악터널방향)",F,50대,3,0,115,0,410.49,4.18
202302,Weekday,"462. 신영동삼거리(북악터널방향)",F,기타,2,0,57,0,47.62,0.43
202302,Weekday,"462. 신영동삼거리(북악터널방향)",M,20대,2,0,25.5,0,128.71,0.95
202302,Weekday,"462. 신영동삼거리(북악터널방향)",M,30대,3,0,25,0,84.34,0.76
202302,Weekday,"462. 신영동삼거리(북악터널방향)",M,40대,4,0,84,0,245.8,1.975
202302,Weekday,"462. 신영동삼거리(북악터널방향)",M,기타,8,0,69,0,286.005,2.02
202302,Weekday,"462. 신영동삼거리(북악터널방향)",NULL,30대,11,0,172,0,946.84,5.09
202301,Weekend,"2239.교대역 6번출구",F,40대,30,0,702,0,1777.85,19.81
202301,Weekend,"2239.교대역 6번출구",F,50대,4,0,60,0,80.24,0.94
202302,Weekday,"462. 신영동삼거리(북악터널방향)",F,20대,2,0,14,0,39.88,0.43
202302,Weekday,"462. 신영동삼거리(북악터널방향)",F,40대,3,0,108,0,175.36,1.72
202301,Weekend,"2239.교대역 6번출구",F,70대이상,1,0,10,0,32.11,0.29
202302,Weekday,"2375. 수서역 1번출구 앞",M,60대,49,0,1159,0,4558.06,38.53
202302,Weekday,"2375. 수서역 1번출구 앞",M,70대이상,3,0,122,0,261.89,2.29
202301,Weekend,"2239.교대역 6번출구",M,20대,30,0,569,0,1416.37,11.74
202302,Weekday,"462. 신영동삼거리(북악터널방향)",M,50대,7,0,129,0,657.87,5.19
202301,Weekend,"2239.교대역 6번출구",M,40대,25,0,567,0,1592.27,12.1
202302,Weekday,"462. 신영동삼거리(북악터널방향)",M,60대,4,0,126,0,726.52,5.66
202302,Weekday,"2376. 수서역 6번출구 앞",M,40대,17,0,97,0,342.50666666666666,2.813333333333333
202301,Weekend,"2239.교대역 6번출구",M,50대,58,0,2744,0,9299.33,68.56
202302,Weekday,"462. 신영동삼거리(북악터널방향)",M,~10대,5,0,112,0,654.32,4.35
202301,Weekend,"2239.교대역 6번출구",M,60대,2,0,13,0,37.01,0.33
202302,Weekday,"464. 삼청동 골목",NULL,40대,26,0,96.33333333333333,0,491.3733333333333,3.6666666666666665
202301,Weekend,"2239.교대역 6번출구",M,70대이상,12,0,29,0,132.16,1.11
202302,Weekday,"464. 삼청동 골목",F,20대,37,0,363,0,853.8733333333333,8.976666666666667
202302,Weekday,"464. 삼청동 골목",F,40대,16,0,114.66666666666667,0,287.95666666666665,2.723333333333333
202301,Weekend,"2241.양재전화국 사거리",NULL,20대,17,0,102,0,264.585,2.3000000000000003
202302,Weekday,"2376. 수서역 6번출구 앞",M,~10대,3,0,62.333333333333336,0,137.89333333333332,1.2433333333333334
202302,Weekday,"464. 삼청동 골목",NULL,20대,82,0,549,0,2387.4700000000003,18.23
202301,Weekend,"2241.양재전화국 사거리",NULL,30대,8,0,78,0,244.45499999999998,2.105
202302,Weekday,"2376. 수서역 6번출구 앞",NULL,20대,11,0,141.5,0,722,6.285
202302,Weekday,"464. 삼청동 골목",NULL,30대,41,0,280,0,1017.485,8.15
202301,Weekend,"2241.양재전화국 사거리",F,20대,4,0,28.5,0,83.74000000000001,0.775
202302,Weekday,"2376. 수서역 6번출구 앞",NULL,30대,3,0,22,0,94.11,0.78
202301,Weekend,"2241.양재전화국 사거리",F,40대,4,0,72,0,129.13,1.395
202302,Weekday,"2376. 수서역 6번출구 앞",NULL,60대,2,0,28.5,0,166.23,1.31
202302,Weekday,"464. 삼청동 골목",NULL,기타,12,0,75.66666666666667,0,174.31333333333336,1.6733333333333331
202301,Weekend,"2241.양재전화국 사거리",M,20대,28,0,378.5,0,1143.27,9.605
202302,Weekday,"2376. 수서역 6번출구 앞",F,20대,4,0,46,0,144.35,1.525
202301,Weekend,"2241.양재전화국 사거리",M,30대,12,0,59.5,0,229.91,1.73
202302,Weekday,"464. 삼청동 골목",F,30대,63,0,566,0,2091.27,18.935000000000002
202302,Weekday,"2376. 수서역 6번출구 앞",M,20대,7,0,29,0,115.255,1.01
202301,Weekend,"2241.양재전화국 사거리",M,40대,26,0,155.5,0,515.715,4.175
202302,Weekday,"2376. 수서역 6번출구 앞",M,30대,13,0,32.5,0,167.59,1.4000000000000001
202301,Weekend,"2241.양재전화국 사거리",M,50대,19,0,132,0,488.535,4.075
202302,Weekday,"464. 삼청동 골목",F,70대이상,18,0,131.5,0,498.14000000000004,4.4799999999999995
202301,Weekend,"2241.양재전화국 사거리",M,~10대,2,0,90,0,344.37,3.1
202302,Weekday,"2376. 수서역 6번출구 앞",M,기타,6,0,14,0,58.25,0.515
202302,Weekday,"2376. 수서역 6번출구 앞",NULL,기타,3,0,16.5,0,36.285,0.33
202301,Weekend,"2241.양재전화국 사거리",NULL,40대,2,0,24,0,115.4,1.09
202302,Weekday,"464. 삼청동 골목",F,기타,2,0,22,0,56.21,0.5
202301,Weekend,"2241.양재전화국 사거리",NULL,50대,6,0,108,0,179.58,1.85
202302,Weekday,"464. 삼청동 골목",M,20대,62,0,515,0,1696,14.375
202301,Weekend,"2241.양재전화국 사거리",NULL,60대,4,0,160,0,218.48,1.72
202302,Weekday,"464. 삼청동 골목",M,30대,87,0,971.5,0,3001.005,25.854999999999997
202301,Weekend,"2241.양재전화국 사거리",NULL,기타,8,0,362,0,416.25,3.76
202301,Weekend,"2241.양재전화국 사거리",F,30대,9,0,59,0,186.47,2.23
202302,Weekday,"2376. 수서역 6번출구 앞",F,30대,4,0,52,0,167.42,1.89
202302,Weekday,"2376. 수서역 6번출구 앞",F,40대,4,0,73,0,204.63,2.08
202302,Weekday,"464. 삼청동 골목",M,40대,53,0,473.5,0,1920.795,14.485
202301,Weekend,"2241.양재전화국 사거리",F,50대,29,0,1046,0,2659.57,28.35
202302,Weekday,"2376. 수서역 6번출구 앞",F,50대,3,0,100,0,385.32,3.48
202302,Weekday,"464. 삼청동 골목",M,50대,42,0,479,0,1287.19,9.625
202301,Weekend,"2241.양재전화국 사거리",F,기타,4,0,31,0,84.73,0.93
202302,Weekday,"2376. 수서역 6번출구 앞",F,60대,1,0,15,0,37.8,0.43
202302,Weekday,"464. 삼청동 골목",M,기타,13,0,55.5,0,258.225,2.225
202302,Weekday,"2376. 수서역 6번출구 앞",F,~10대,1,0,4,0,10.26,0.15
202301,Weekend,"2241.양재전화국 사거리",M,60대,6,0,224,0,385.86,2.68
202301,Weekend,"2241.양재전화국 사거리",M,기타,4,0,84,0,307.69,2.49
202302,Weekday,"2376. 수서역 6번출구 앞",F,기타,1,0,32,0,79.28,0.71
202301,Weekend,"2242.양재역 11번 출구 앞",NULL,20대,22,0,183,0,574.3449999999999,5.125
202302,Weekday,"464. 삼청동 골목",NULL,50대,2,0,78,0,314.24,2.19
202301,Weekend,"2242.양재역 11번 출구 앞",NULL,40대,18,0,215,0,536.005,4.3549999999999995
202302,Weekday,"464. 삼청동 골목",NULL,60대,10,0,135,0,444.35,3.9
202301,Weekend,"2242.양재역 11번 출구 앞",NULL,기타,8,0,46,0,88.07666666666667,0.8266666666666667
202301,Weekend,"2242.양재역 11번 출구 앞",F,20대,17,0,294.5,0,363.465,3.44
202302,Weekday,"2376. 수서역 6번출구 앞",M,50대,9,0,125,0,391.1,3.7
202301,Weekend,"2242.양재역 11번 출구 앞",F,30대,12,0,193.5,0,393.635,3.9799999999999995
202302,Weekday,"2376. 수서역 6번출구 앞",M,60대,17,0,188,0,1007.59,8.82
202301,Weekend,"2242.양재역 11번 출구 앞",F,40대,9,0,141,0,207.65,2.09
202301,Weekend,"2242.양재역 11번 출구 앞",F,~10대,1,0,18,0,83.34,0.7
202301,Weekend,"2242.양재역 11번 출구 앞",M,20대,24,0,181.5,0,675.895,5.445
202302,Weekday,"2377. 수서역 5번출구",NULL,20대,148,0,1117,0,3063.0800000000004,28.163333333333338
202301,Weekend,"2242.양재역 11번 출구 앞",M,30대,59,0,553,0,1826.185,13.860000000000001
202302,Weekday,"2377. 수서역 5번출구",NULL,40대,82,0,446,0,1776.0900000000001,14.923333333333332
202301,Weekend,"2242.양재역 11번 출구 앞",M,40대,51,0,504,0,1804.105,13.79
202302,Weekday,"2377. 수서역 5번출구",F,30대,75,0,726.6666666666666,0,1984.89,20.033333333333335
202301,Weekend,"2242.양재역 11번 출구 앞",M,60대,26,0,276,0,992.7,8.334999999999999
202302,Weekday,"2377. 수서역 5번출구",M,40대,205,0,1418,0,6816.916666666667,52.22666666666666
202301,Weekend,"2242.양재역 11번 출구 앞",M,기타,18,0,380,0,546.755,4.58
202302,Weekday,"2377. 수서역 5번출구",M,~10대,16,0,138.66666666666666,0,400.3833333333334,3.673333333333334
202302,Weekday,"464. 삼청동 골목",F,50대,7,0,248,0,263.98,3.09
202302,Weekday,"2377. 수서역 5번출구",NULL,30대,112,0,1417.5,0,4493.95,39.355000000000004
202302,Weekday,"464. 삼청동 골목",F,60대,3,0,152,0,238.21,2.13
202302,Weekday,"2377. 수서역 5번출구",NULL,50대,65,0,815,0,2979.1450000000004,27.485
202302,Weekday,"2377. 수서역 5번출구",NULL,60대,10,0,152,0,466.375,4.109999999999999
202302,Weekday,"2377. 수서역 5번출구",F,20대,105,0,1182,0,3611.7799999999997,34.835
202302,Weekday,"2377. 수서역 5번출구",F,40대,101,0,995,0,1931.96,19.965
202302,Weekday,"464. 삼청동 골목",M,60대,18,0,477,0,1139.01,9.97
202302,Weekday,"2377. 수서역 5번출구",F,50대,42,0,527,0,1443.205,13.065
202302,Weekday,"2377. 수서역 5번출구",F,60대,41,0,416,0,1022.3,11.86
202302,Weekday,"465. 삼청공원 앞",F,20대,2,0,16,0,49.2,0.5449999999999999
202302,Weekday,"2377. 수서역 5번출구",F,~10대,7,0,62.5,0,141.95,1.47
202302,Weekday,"465. 삼청공원 앞",F,50대,6,0,98.5,0,132.74,1.6500000000000001
202302,Weekday,"2377. 수서역 5번출구",F,기타,23,0,255.5,0,766.89,7.335
202302,Weekday,"465. 삼청공원 앞",M,20대,15,0,92.5,0,392.845,3.1799999999999997
202302,Weekday,"2377. 수서역 5번출구",M,20대,142,0,1684.5,0,5613.33,47.19
202302,Weekday,"465. 삼청공원 앞",M,30대,12,0,75,0,302.355,2.33
202302,Weekday,"2377. 수서역 5번출구",M,30대,284,0,2746,0,12253.710000000001,95.36
202302,Weekday,"465. 삼청공원 앞",M,50대,36,0,365,0,1411.4299999999998,12.025
202302,Weekday,"465. 삼청공원 앞",NULL,기타,2,0,117,0,353.87,3.19
202302,Weekday,"2377. 수서역 5번출구",M,50대,161,0,1562,0,6099.45,51.019999999999996
202302,Weekday,"465. 삼청공원 앞",NULL,20대,1,0,23,0,20.45,0.25
202302,Weekday,"2377. 수서역 5번출구",M,60대,119,0,1244.5,0,4858.8150000000005,41.23
202302,Weekday,"465. 삼청공원 앞",NULL,30대,6,0,221,0,443.42,3.55
202302,Weekday,"465. 삼청공원 앞",NULL,40대,4,0,107,0,419.35,3.23
202302,Weekday,"2377. 수서역 5번출구",M,기타,90,0,964,0,2919.42,23.845
202302,Weekday,"465. 삼청공원 앞",NULL,50대,1,0,8,0,47.35,0.33
202302,Weekday,"2377. 수서역 5번출구",NULL,기타,15,0,147.5,0,509.56000000000006,4.825
202302,Weekday,"2377. 수서역 5번출구",NULL,70대이상,1,0,10,0,39.64,0.36
202302,Weekday,"2377. 수서역 5번출구",NULL,~10대,10,0,90,0,506.53,3.34
202302,Weekday,"465. 삼청공원 앞",NULL,60대,1,0,41,0,100.61,0.94
202302,Weekday,"465. 삼청공원 앞",F,30대,1,0,16,0,76.53,0.69
202302,Weekday,"465. 삼청공원 앞",F,60대,1,0,92,0,188.67,1.7
202302,Weekday,"465. 삼청공원 앞",F,70대이상,3,0,30,0,152.88,1.36
202302,Weekday,"465. 삼청공원 앞",M,40대,28,0,459,0,2106.82,16.76
202302,Weekday,"465. 삼청공원 앞",M,60대,8,0,218,0,661.08,5.53
202302,Weekday,"465. 삼청공원 앞",M,기타,3,0,59,0,261.07,1.99
202302,Weekday,466.롯데호텔,F,40대,9,0,158,0,295.39,2.815
202302,Weekday,"2377. 수서역 5번출구",M,70대이상,36,0,549,0,1926.83,17.02
202302,Weekday,466.롯데호텔,NULL,20대,32,0,376,0,1001.115,9.555
202302,Weekday,466.롯데호텔,NULL,30대,20,0,169,0,332.89,3.225
202302,Weekday,466.롯데호텔,NULL,40대,9,0,46,0,167.11,1.3250000000000002
202302,Weekday,"2380. 삼성동베이직하우스앞",NULL,20대,21,0,170.5,0,499.65500000000003,4.37
202302,Weekday,466.롯데호텔,NULL,~10대,1,0,118,0,129.5,1.17
202302,Weekday,"2380. 삼성동베이직하우스앞",NULL,30대,32,0,310,0,1092.83,8.700000000000001
202302,Weekday,466.롯데호텔,F,20대,9,0,56.5,0,154.435,1.47
202302,Weekday,"2380. 삼성동베이직하우스앞",NULL,기타,8,0,145,0,412.18333333333334,3.8433333333333337
202302,Weekday,466.롯데호텔,F,30대,15,0,119.5,0,385.32500000000005,3.765
202302,Weekday,"2380. 삼성동베이직하우스앞",F,20대,31,0,166,0,577.27,4.67
202302,Weekday,"2380. 삼성동베이직하우스앞",F,30대,39,0,348.5,0,1176.2900000000002,11.405000000000001
202302,Weekday,"2380. 삼성동베이직하우스앞",F,기타,5,0,75.5,0,198.34,1.6949999999999998
202302,Weekday,"2380. 삼성동베이직하우스앞",M,20대,38,0,382.5,0,932.23,7.77
202302,Weekday,"2380. 삼성동베이직하우스앞",M,30대,38,0,233.5,0,1092.09,8.785
202302,Weekday,"2380. 삼성동베이직하우스앞",M,~10대,2,0,36,0,42.71,0.38
202302,Weekday,"2380. 삼성동베이직하우스앞",M,기타,4,0,65,0,125.275,1.1
202302,Weekday,"2380. 삼성동베이직하우스앞",NULL,40대,13,0,359,0,1159.2,9.22
202302,Weekday,"2380. 삼성동베이직하우스앞",NULL,50대,10,0,298,0,949.06,8.88
202302,Weekday,"2380. 삼성동베이직하우스앞",NULL,60대,5,0,37,0,204.93,1.58
202302,Weekday,"2380. 삼성동베이직하우스앞",F,40대,6,0,63,0,273.6,2.46
202302,Weekday,"2380. 삼성동베이직하우스앞",F,50대,1,0,12,0,27.78,0.25
202302,Weekday,"2380. 삼성동베이직하우스앞",F,70대이상,1,0,41,0,45.18,0.43
202301,Weekend,"123. 문화촌 공원",F,70대이상,1,0,2,0,4.16,0.03
202301,Weekend,"123. 문화촌 공원",M,60대,6,0,113,0,174.59,1.57
202301,Weekend,"123. 문화촌 공원",M,70대이상,7,0,92,0,501.2,4.55
202301,Weekend,"124. 서강대 정문 건너편",M,~10대,15,0,40.333333333333336,0,118.85333333333335,1.03
202301,Weekend,"124. 서강대 정문 건너편",NULL,20대,106,0,1356,0,3111.625,26.805
202301,Weekend,"124. 서강대 정문 건너편",NULL,30대,15,0,98.5,0,383.09000000000003,3.0300000000000002
202301,Weekend,"124. 서강대 정문 건너편",NULL,50대,14,0,188.5,0,453.665,3.98
202301,Weekend,"124. 서강대 정문 건너편",NULL,~10대,1,0,37,0,34.85,0.41
202301,Weekend,"124. 서강대 정문 건너편",F,20대,36,0,194,0,523.86,5.6049999999999995
202301,Weekend,"124. 서강대 정문 건너편",F,30대,26,0,146.5,0,286.605,2.78
202301,Weekend,"124. 서강대 정문 건너편",M,20대,98,0,628.5,0,1758.9450000000002,13.705
202301,Weekend,"124. 서강대 정문 건너편",M,30대,50,0,658,0,1744.98,13.42
202301,Weekend,"124. 서강대 정문 건너편",M,40대,41,0,345,0,1223.45,9.845
202301,Weekend,"124. 서강대 정문 건너편",M,60대,24,0,641,0,459.18,4.31
202301,Weekend,"124. 서강대 정문 건너편",NULL,기타,10,0,63.5,0,101.66,0.94
202301,Weekend,"124. 서강대 정문 건너편",M,기타,10,0,104,0,326.42499999999995,2.345
202301,Weekend,"124. 서강대 정문 건너편",NULL,40대,5,0,41,0,87.22,0.76
202301,Weekend,"124. 서강대 정문 건너편",F,40대,6,0,188,0,591.77,5.77
202301,Weekend,"124. 서강대 정문 건너편",F,50대,2,0,27,0,83.51,0.97
202301,Weekend,"124. 서강대 정문 건너편",F,~10대,1,0,31,0,109.27,1.02
202301,Weekend,"124. 서강대 정문 건너편",F,기타,8,0,245,0,249.07,2.16
202301,Weekend,"124. 서강대 정문 건너편",M,50대,21,0,376,0,1248.69,9.87
202301,Weekend,"125. 서강대 남문 옆",NULL,20대,90,0,710.5,0,1867.255,16.21
202301,Weekend,"125. 서강대 남문 옆",NULL,30대,27,0,107,0,320.86,2.685
202301,Weekend,"125. 서강대 남문 옆",F,20대,21,0,166.5,0,330.56,3.4400000000000004
202301,Weekend,"125. 서강대 남문 옆",F,30대,18,0,197.5,0,377.265,3.725
202301,Weekend,"125. 서강대 남문 옆",M,20대,92,0,718,0,1471.79,12.37
202301,Weekend,"125. 서강대 남문 옆",M,40대,12,0,80,0,144.10999999999999,1.04
202301,Weekend,"125. 서강대 남문 옆",M,~10대,8,0,45.5,0,118.5,1.1400000000000001
202301,Weekend,"125. 서강대 남문 옆",M,기타,14,0,106.5,0,354.925,2.83
202301,Weekend,"2242.양재역 11번 출구 앞",NULL,30대,34,0,554,0,2348.59,19
202301,Weekend,"2242.양재역 11번 출구 앞",NULL,50대,7,0,155,0,609.01,5.11
202301,Weekend,"2242.양재역 11번 출구 앞",NULL,60대,2,0,20,0,113.02,0.96
202301,Weekend,"2242.양재역 11번 출구 앞",F,50대,3,0,37,0,148.97,1.47
202301,Weekend,"2242.양재역 11번 출구 앞",F,기타,1,0,81,0,68.11,0.61
202301,Weekend,"2242.양재역 11번 출구 앞",M,50대,24,0,498,0,1253.63,10.82
202301,Weekend,"2242.양재역 11번 출구 앞",M,70대이상,1,0,77,0,37.35,0.34
202301,Weekend,2243.서울가정법원,NULL,20대,34,0,220,0,659.84,6.050000000000001
202301,Weekend,2243.서울가정법원,NULL,30대,30,0,134,0,689.26,5.48
202301,Weekend,2243.서울가정법원,NULL,40대,33,0,324,0,970.915,7.875
202301,Weekend,2243.서울가정법원,NULL,기타,6,0,45,0,138.7433333333333,1.3133333333333332
202301,Weekend,2243.서울가정법원,F,20대,12,0,86,0,251.435,2.52
202301,Weekend,2243.서울가정법원,F,50대,12,0,169,0,378.655,3.9050000000000002
202301,Weekend,2243.서울가정법원,F,기타,8,0,91.5,0,192.515,1.695
202301,Weekend,2243.서울가정법원,M,20대,24,0,229.5,0,573.5799999999999,4.805
202301,Weekend,2243.서울가정법원,M,30대,31,0,235,0,817.7099999999999,6.615
202301,Weekend,2243.서울가정법원,M,40대,55,0,325.5,0,1283.3899999999999,10.195
202301,Weekend,2243.서울가정법원,M,50대,20,0,111.5,0,507.635,3.995
202301,Weekend,2243.서울가정법원,M,60대,21,0,138,0,635.25,4.984999999999999
202301,Weekend,2243.서울가정법원,M,~10대,4,0,51,0,214.86,1.93
202301,Weekend,2243.서울가정법원,M,기타,18,0,197,0,561.72,4.21
202301,Weekend,2243.서울가정법원,NULL,50대,12,0,146,0,667.18,5.66
202301,Weekend,2243.서울가정법원,NULL,60대,2,0,31,0,101.89,0.92
202301,Weekend,2243.서울가정법원,F,30대,17,0,288,0,1213.67,11.73
202301,Weekend,2243.서울가정법원,F,40대,10,0,270,0,505.51,5.31
202301,Weekend,2243.서울가정법원,F,~10대,3,0,15,0,50.06,0.5
